URL,Ãšltimo rastreamento
https://www.npiconsultoria.com.br/imovel-106939/indexdata/index.swf,2025-09-05
https://www.npiconsultoria.com.br/imovel-106524/facebook.com/npiimoveis,2025-09-05
https://www.npiconsultoria.com.br/imovel-1685/facebook.com/npiimoveis,2025-09-05
https://www.npiconsultoria.com.br/imovel-4879/facebook.com/npiimoveis,2025-09-05
https://www.npiconsultoria.com.br/imovel-805/facebook.com/npiimoveis,2025-09-05
https://www.npiconsultoria.com.br/imovel-106337/instagram.com/npi_imoveis,2025-09-05
https://www.npiconsultoria.com.br/imovel-106337/facebook.com/npiimoveis,2025-09-05
https://www.npiconsultoria.com.br/imovel-107113/facebook.com/npiimoveis,2025-09-05
https://www.npiconsultoria.com.br/imovel-107113/instagram.com/npi_imoveis,2025-09-05
https://www.npiconsultoria.com.br/imovel-105729/instagram.com/npi_imoveis,2025-09-05
https://www.npiconsultoria.com.br/imovel-107386/instagram.com/npi_imoveis,2025-09-05
https://www.npiconsultoria.com.br/imovel-107386/facebook.com/npiimoveis,2025-09-05
https://www.npiconsultoria.com.br/imovel-1356/instagram.com/npi_imoveis,2025-09-05
https://www.npiconsultoria.com.br/imovel-107300/instagram.com/npi_imoveis,2025-09-05
https://www.npiconsultoria.com.br/imovel-1327/facebook.com/npiimoveis,2025-09-05
https://www.npiconsultoria.com.br/imovel-4182/instagram.com/npi_imoveis,2025-09-05
https://www.npiconsultoria.com.br/imovel-903651/instagram.com/npi_imoveis,2025-09-04
https://www.npiconsultoria.com.br/imovel-008/facebook.com/npiimoveis,2025-09-04
https://www.npiconsultoria.com.br/imovel-106695/instagram.com/npi_imoveis,2025-09-04
https://www.npiconsultoria.com.br/imovel-105747/facebook.com/npiimoveis,2025-09-04
https://www.npiconsultoria.com.br/imovel-5322/facebook.com/npiimoveis,2025-09-04
https://www.npiconsultoria.com.br/imovel-106715/instagram.com/npi_imoveis,2025-09-04
https://www.npiconsultoria.com.br/imovel-314/facebook.com/npiimoveis,2025-09-04
https://www.npiconsultoria.com.br/imovel-106715/facebook.com/npiimoveis,2025-09-04
https://www.npiconsultoria.com.br/imovel-106443/facebook.com/npiimoveis,2025-09-04
https://www.npiconsultoria.com.br/imovel-008/instagram.com/npi_imoveis,2025-09-04
https://www.npiconsultoria.com.br/imovel-106570/instagram.com/npi_imoveis,2025-09-04
https://www.npiconsultoria.com.br/imovel-1327/instagram.com/npi_imoveis,2025-09-04
https://www.npiconsultoria.com.br/imovel-10075/instagram.com/npi_imoveis,2025-09-04
https://www.npiconsultoria.com.br/imovel-8400/instagram.com/npi_imoveis,2025-09-04
https://www.npiconsultoria.com.br/imovel-106573/facebook.com/npiimoveis,2025-09-03
https://www.npiconsultoria.com.br/imovel-106966/facebook.com/npiimoveis,2025-09-03
https://www.npiconsultoria.com.br/imovel-8400/facebook.com/npiimoveis,2025-09-03
https://www.npiconsultoria.com.br/imovel-107580/facebook.com/npiimoveis,2025-09-03
https://www.npiconsultoria.com.br/imovel-107580/instagram.com/npi_imoveis,2025-09-03
https://www.npiconsultoria.com.br/imovel-610/facebook.com/npiimoveis,2025-09-03
https://www.npiconsultoria.com.br/imovel-3006/facebook.com/npiimoveis,2025-09-03
https://www.npiconsultoria.com.br/imovel-108183/facebook.com/npiimoveis,2025-09-03
https://www.npiconsultoria.com.br/imovel-105839/facebook.com/npiimoveis,2025-09-03
https://www.npiconsultoria.com.br/imovel-4982/instagram.com/npi_imoveis,2025-09-03
https://www.npiconsultoria.com.br/imovel-106570/facebook.com/npiimoveis,2025-09-03
https://www.npiconsultoria.com.br/imovel-106226/facebook.com/npiimoveis,2025-09-03
https://www.npiconsultoria.com.br/imovel-106226/instagram.com/npi_imoveis,2025-09-03
https://www.npiconsultoria.com.br/imovel-5103/facebook.com/npiimoveis,2025-09-03
https://www.npiconsultoria.com.br/imovel-107730/facebook.com/npiimoveis,2025-09-03
https://www.npiconsultoria.com.br/imovel-4824/facebook.com/npiimoveis,2025-09-02
https://www.npiconsultoria.com.br/imovel-106604/facebook.com/npiimoveis,2025-09-02
https://www.npiconsultoria.com.br/imovel-108183/instagram.com/npi_imoveis,2025-09-02
https://www.npiconsultoria.com.br/imovel-4982/facebook.com/npiimoveis,2025-09-02
https://www.npiconsultoria.com.br/imovel-108157/instagram.com/npi_imoveis,2025-09-02
https://www.npiconsultoria.com.br/imovel-9530/facebook.com/npiimoveis,2025-09-02
https://www.npiconsultoria.com.br/imovel-9530/instagram.com/npi_imoveis,2025-09-02
https://www.npiconsultoria.com.br/imovel-9463/facebook.com/npiimoveis,2025-09-02
https://www.npiconsultoria.com.br/imovel-4933/instagram.com/npi_imoveis,2025-09-02
https://www.npiconsultoria.com.br/imovel-5160/instagram.com/npi_imoveis,2025-09-02
https://www.npiconsultoria.com.br/imovel-9311/facebook.com/npiimoveis,2025-09-02
https://www.npiconsultoria.com.br/imovel-106728/instagram.com/npi_imoveis,2025-09-02
https://www.npiconsultoria.com.br/imovel-107699/instagram.com/npi_imoveis,2025-09-02
https://www.npiconsultoria.com.br/imovel-7070/facebook.com/npiimoveis,2025-09-02
https://www.npiconsultoria.com.br/imovel-7070/instagram.com/npi_imoveis,2025-09-02
https://www.npiconsultoria.com.br/imovel-106373/instagram.com/npi_imoveis,2025-09-02
https://www.npiconsultoria.com.br/imovel-281/instagram.com/npi_imoveis,2025-09-02
https://www.npiconsultoria.com.br/imovel-106534/instagram.com/npi_imoveis,2025-09-02
https://www.npiconsultoria.com.br/imovel-9463/instagram.com/npi_imoveis,2025-09-02
https://www.npiconsultoria.com.br/imovel-4453/instagram.com/npi_imoveis,2025-09-01
https://www.npiconsultoria.com.br/imovel-4933/facebook.com/npiimoveis,2025-09-01
https://www.npiconsultoria.com.br/imovel-518/instagram.com/npi_imoveis,2025-09-01
https://www.npiconsultoria.com.br/imovel-518/facebook.com/npiimoveis,2025-09-01
https://www.npiconsultoria.com.br/imovel-106386/instagram.com/npi_imoveis,2025-09-01
https://www.npiconsultoria.com.br/imovel-107874/instagram.com/npi_imoveis,2025-09-01
https://www.npiconsultoria.com.br/imovel-106742/facebook.com/npiimoveis,2025-09-01
https://www.npiconsultoria.com.br/imovel-106386/facebook.com/npiimoveis,2025-09-01
https://www.npiconsultoria.com.br/imovel-106955/instagram.com/npi_imoveis,2025-08-31
https://www.npiconsultoria.com.br/imovel-5160/facebook.com/npiimoveis,2025-08-31
https://www.npiconsultoria.com.br/imovel-093/instagram.com/npi_imoveis,2025-08-31
https://www.npiconsultoria.com.br/imovel-4906/instagram.com/npi_imoveis,2025-08-30
https://www.npiconsultoria.com.br/imovel-093/facebook.com/npiimoveis,2025-08-30
https://www.npiconsultoria.com.br/imovel-105745/facebook.com/npiimoveis,2025-08-30
https://www.npiconsultoria.com.br/imovel-198/instagram.com/npi_imoveis,2025-08-30
https://www.npiconsultoria.com.br/imovel-106651/facebook.com/npiimoveis,2025-08-30
https://www.npiconsultoria.com.br/imovel-3082/facebook.com/npiimoveis,2025-08-30
https://www.npiconsultoria.com.br/imovel-4972/facebook.com/npiimoveis,2025-08-30
https://www.npiconsultoria.com.br/imovel-10071/instagram.com/npi_imoveis,2025-08-30
https://www.npiconsultoria.com.br/imovel-106955/facebook.com/npiimoveis,2025-08-29
https://www.npiconsultoria.com.br/imovel-105843/facebook.com/npiimoveis,2025-08-29
https://www.npiconsultoria.com.br/imovel-107618/facebook.com/npiimoveis,2025-08-29
https://www.npiconsultoria.com.br/imovel-9098/facebook.com/npiimoveis,2025-08-29
https://www.npiconsultoria.com.br/imovel-1265/facebook.com/npiimoveis,2025-08-29
https://www.npiconsultoria.com.br/imovel-9098/instagram.com/npi_imoveis,2025-08-29
https://www.npiconsultoria.com.br/imovel-107225/instagram.com/npi_imoveis,2025-08-29
https://www.npiconsultoria.com.br/imovel-107618/instagram.com/npi_imoveis,2025-08-29
https://www.npiconsultoria.com.br/imovel-106258/facebook.com/npiimoveis,2025-08-29
https://www.npiconsultoria.com.br/imovel-107076/facebook.com/npiimoveis,2025-08-29
https://www.npiconsultoria.com.br/imovel-107225/facebook.com/npiimoveis,2025-08-29
https://www.npiconsultoria.com.br/imovel-106746/instagram.com/npi_imoveis,2025-08-29
https://www.npiconsultoria.com.br/imovel-106746/facebook.com/npiimoveis,2025-08-29
https://www.npiconsultoria.com.br/imovel-1839/instagram.com/npi_imoveis,2025-08-29
https://www.npiconsultoria.com.br/imovel-105668/instagram.com/npi_imoveis,2025-08-29
https://www.npiconsultoria.com.br/imovel-106152/instagram.com/npi_imoveis,2025-08-29
https://www.npiconsultoria.com.br/imovel-106869/instagram.com/npi_imoveis,2025-08-29
https://www.npiconsultoria.com.br/imovel-198/facebook.com/npiimoveis,2025-08-29
https://www.npiconsultoria.com.br/imovel-143/instagram.com/npi_imoveis,2025-08-29
https://www.npiconsultoria.com.br/imovel-4754/facebook.com/npiimoveis,2025-08-27
https://www.npiconsultoria.com.br/imovel-281/facebook.com/npiimoveis,2025-08-27
https://www.npiconsultoria.com.br/imovel-775/facebook.com/npiimoveis,2025-08-27
https://www.npiconsultoria.com.br/imovel-1340/instagram.com/npi_imoveis,2025-08-27
https://www.npiconsultoria.com.br/imovel-2032/facebook.com/npiimoveis,2025-08-27
https://www.npiconsultoria.com.br/imovel-106700/facebook.com/npiimoveis,2025-08-27
https://www.npiconsultoria.com.br/imovel-108107/instagram.com/npi_imoveis,2025-08-27
https://www.npiconsultoria.com.br/imovel-108107/facebook.com/npiimoveis,2025-08-27
https://www.npiconsultoria.com.br/imovel-843/instagram.com/npi_imoveis,2025-08-27
https://www.npiconsultoria.com.br/imovel-4975/instagram.com/npi_imoveis,2025-08-26
https://www.npiconsultoria.com.br/imovel-107186/instagram.com/npi_imoveis,2025-08-26
https://www.npiconsultoria.com.br/imovel-107422/facebook.com/npiimoveis,2025-08-26
https://www.npiconsultoria.com.br/imovel-105880/facebook.com/npiimoveis,2025-08-26
https://www.npiconsultoria.com.br/imovel-105880/instagram.com/npi_imoveis,2025-08-26
https://www.npiconsultoria.com.br/imovel-106371/facebook.com/npiimoveis,2025-08-26
https://www.npiconsultoria.com.br/imovel-2085/facebook.com/npiimoveis,2025-08-26
https://www.npiconsultoria.com.br/imovel-105672/facebook.com/npiimoveis,2025-08-26
https://www.npiconsultoria.com.br/imovel-1824/facebook.com/npiimoveis,2025-08-26
https://www.npiconsultoria.com.br/imovel-107434/facebook.com/npiimoveis,2025-08-26
https://www.npiconsultoria.com.br/imovel-4510/instagram.com/npi_imoveis,2025-08-26
https://www.npiconsultoria.com.br/imovel-2032/instagram.com/npi_imoveis,2025-08-26
https://www.npiconsultoria.com.br/imovel-107683/facebook.com/npiimoveis,2025-08-26
https://www.npiconsultoria.com.br/imovel-107852/instagram.com/npi_imoveis,2025-08-26
https://www.npiconsultoria.com.br/imovel-108106/facebook.com/npiimoveis,2025-08-26
https://www.npiconsultoria.com.br/imovel-105661/instagram.com/npi_imoveis,2025-08-26
https://www.npiconsultoria.com.br/imovel-5261/facebook.com/npiimoveis,2025-08-25
https://www.npiconsultoria.com.br/imovel-1205/instagram.com/npi_imoveis,2025-08-25
https://www.npiconsultoria.com.br/imovel-107260/facebook.com/npiimoveis,2025-08-25
https://www.npiconsultoria.com.br/imovel-4015/facebook.com/npiimoveis,2025-08-25
https://www.npiconsultoria.com.br/imovel-9636/facebook.com/npiimoveis,2025-08-25
https://www.npiconsultoria.com.br/imovel-4033/instagram.com/npi_imoveis,2025-08-25
https://www.npiconsultoria.com.br/imovel-461/instagram.com/npi_imoveis,2025-08-25
https://www.npiconsultoria.com.br/imovel-106135/instagram.com/npi_imoveis,2025-08-25
https://www.npiconsultoria.com.br/imovel-1336/instagram.com/npi_imoveis,2025-08-25
https://www.npiconsultoria.com.br/imovel-106135/facebook.com/npiimoveis,2025-08-25
https://www.npiconsultoria.com.br/imovel-5058/facebook.com/npiimoveis,2025-08-25
https://www.npiconsultoria.com.br/imovel-3089/facebook.com/npiimoveis,2025-08-25
https://www.npiconsultoria.com.br/imovel-106879/facebook.com/npiimoveis,2025-08-25
https://www.npiconsultoria.com.br/imovel-5127/facebook.com/npiimoveis,2025-08-25
https://www.npiconsultoria.com.br/imovel-4443/facebook.com/npiimoveis,2025-08-25
https://www.npiconsultoria.com.br/imovel-107510/facebook.com/npiimoveis,2025-08-25
https://www.npiconsultoria.com.br/imovel-105676/instagram.com/npi_imoveis,2025-08-25
https://www.npiconsultoria.com.br/imovel-105904/instagram.com/npi_imoveis,2025-08-25
https://www.npiconsultoria.com.br/imovel-9313/facebook.com/npiimoveis,2025-08-25
https://www.npiconsultoria.com.br/imovel-4755/facebook.com/npiimoveis,2025-08-25
https://www.npiconsultoria.com.br/imovel-5199/instagram.com/npi_imoveis,2025-08-25
https://www.npiconsultoria.com.br/imovel-10079/instagram.com/npi_imoveis,2025-08-25
https://www.npiconsultoria.com.br/imovel-9039/facebook.com/npiimoveis,2025-08-24
https://www.npiconsultoria.com.br/imovel-105773/facebook.com/npiimoveis,2025-08-24
https://www.npiconsultoria.com.br/imovel-105773/instagram.com/npi_imoveis,2025-08-24
https://www.npiconsultoria.com.br/imovel-106884/instagram.com/npi_imoveis,2025-08-24
https://www.npiconsultoria.com.br/imovel-107133/facebook.com/npiimoveis,2025-08-24
https://www.npiconsultoria.com.br/imovel-4135/facebook.com/npiimoveis,2025-08-24
https://www.npiconsultoria.com.br/imovel-107345/facebook.com/npiimoveis,2025-08-24
https://www.npiconsultoria.com.br/imovel-1702/facebook.com/npiimoveis,2025-08-24
https://www.npiconsultoria.com.br/imovel-10124/facebook.com/npiimoveis,2025-08-24
https://www.npiconsultoria.com.br/imovel-8033/instagram.com/npi_imoveis,2025-08-24
https://www.npiconsultoria.com.br/imovel-107345/instagram.com/npi_imoveis,2025-08-24
https://www.npiconsultoria.com.br/imovel-5155/facebook.com/npiimoveis,2025-08-24
https://www.npiconsultoria.com.br/imovel-8877/instagram.com/npi_imoveis,2025-08-24
https://www.npiconsultoria.com.br/imovel-9509/instagram.com/npi_imoveis,2025-08-24
https://www.npiconsultoria.com.br/imovel-10124/instagram.com/npi_imoveis,2025-08-24
https://www.npiconsultoria.com.br/imovel-1205/facebook.com/npiimoveis,2025-08-24
https://www.npiconsultoria.com.br/imovel-106884/facebook.com/npiimoveis,2025-08-24
https://www.npiconsultoria.com.br/imovel-106043/instagram.com/npi_imoveis,2025-08-24
https://www.npiconsultoria.com.br/imovel-106202/instagram.com/npi_imoveis,2025-08-24
https://www.npiconsultoria.com.br/imovel-108319/facebook.com/npiimoveis,2025-08-24
https://www.npiconsultoria.com.br/imovel-1381/instagram.com/npi_imoveis,2025-08-24
https://www.npiconsultoria.com.br/imovel-6076/facebook.com/npiimoveis,2025-08-23
https://www.npiconsultoria.com.br/imovel-1340/facebook.com/npiimoveis,2025-08-23
https://www.npiconsultoria.com.br/imovel-4907/instagram.com/npi_imoveis,2025-08-23
https://www.npiconsultoria.com.br/imovel-106645/instagram.com/npi_imoveis,2025-08-23
https://www.npiconsultoria.com.br/imovel-2095/instagram.com/npi_imoveis,2025-08-23
https://www.npiconsultoria.com.br/imovel-2095/facebook.com/npiimoveis,2025-08-23
https://www.npiconsultoria.com.br/imovel-107066/instagram.com/npi_imoveis,2025-08-23
https://www.npiconsultoria.com.br/imovel-843/facebook.com/npiimoveis,2025-08-23
https://www.npiconsultoria.com.br/imovel-5180/instagram.com/npi_imoveis,2025-08-23
https://www.npiconsultoria.com.br/imovel-1622/instagram.com/npi_imoveis,2025-08-23
https://www.npiconsultoria.com.br/imovel-041/facebook.com/npiimoveis,2025-08-22
https://www.npiconsultoria.com.br/imovel-1335/facebook.com/npiimoveis,2025-08-22
https://www.npiconsultoria.com.br/imovel-140/facebook.com/npiimoveis,2025-08-22
https://www.npiconsultoria.com.br/imovel-105928/instagram.com/npi_imoveis,2025-08-22
https://www.npiconsultoria.com.br/imovel-2075/instagram.com/npi_imoveis,2025-08-22
https://www.npiconsultoria.com.br/imovel-106602/instagram.com/npi_imoveis,2025-08-22
https://www.npiconsultoria.com.br/imovel-106535/facebook.com/npiimoveis,2025-08-22
https://www.npiconsultoria.com.br/imovel-9601/instagram.com/npi_imoveis,2025-08-21
https://www.npiconsultoria.com.br/imovel-038/instagram.com/npi_imoveis,2025-08-21
https://www.npiconsultoria.com.br/imovel-038/facebook.com/npiimoveis,2025-08-21
https://www.npiconsultoria.com.br/imovel-107416/facebook.com/npiimoveis,2025-08-21
https://www.npiconsultoria.com.br/imovel-105747/instagram.com/npi_imoveis,2025-08-21
https://www.npiconsultoria.com.br/imovel-4750/instagram.com/npi_imoveis,2025-08-21
https://www.npiconsultoria.com.br/imovel-4750/facebook.com/npiimoveis,2025-08-21
https://www.npiconsultoria.com.br/imovel-106831/facebook.com/npiimoveis,2025-08-21
https://www.npiconsultoria.com.br/imovel-5058/instagram.com/npi_imoveis,2025-08-21
https://www.npiconsultoria.com.br/imovel-107852/facebook.com/npiimoveis,2025-08-20
https://www.npiconsultoria.com.br/imovel-9321/facebook.com/npiimoveis,2025-08-20
https://www.npiconsultoria.com.br/imovel-107259/instagram.com/npi_imoveis,2025-08-20
https://www.npiconsultoria.com.br/imovel-107760/instagram.com/npi_imoveis,2025-08-20
https://www.npiconsultoria.com.br/imovel-107760/facebook.com/npiimoveis,2025-08-20
https://www.npiconsultoria.com.br/imovel-2003/facebook.com/npiimoveis,2025-08-20
https://www.npiconsultoria.com.br/imovel-2003/instagram.com/npi_imoveis,2025-08-20
https://www.npiconsultoria.com.br/imovel-107259/facebook.com/npiimoveis,2025-08-20
https://www.npiconsultoria.com.br/imovel-107485/facebook.com/npiimoveis,2025-08-20
https://www.npiconsultoria.com.br/imovel-106248/facebook.com/npiimoveis,2025-08-20
https://www.npiconsultoria.com.br/imovel-5181/facebook.com/npiimoveis,2025-08-20
https://www.npiconsultoria.com.br/imovel-107768/instagram.com/npi_imoveis,2025-08-20
https://www.npiconsultoria.com.br/imovel-107186/facebook.com/npiimoveis,2025-08-19
https://www.npiconsultoria.com.br/imovel-1041/facebook.com/npiimoveis,2025-08-19
https://www.npiconsultoria.com.br/imovel-107485/instagram.com/npi_imoveis,2025-08-19
https://www.npiconsultoria.com.br/imovel-106626/facebook.com/npiimoveis,2025-08-19
https://www.npiconsultoria.com.br/imovel-1041/instagram.com/npi_imoveis,2025-08-19
https://www.npiconsultoria.com.br/imovel-4915/facebook.com/npiimoveis,2025-08-19
https://www.npiconsultoria.com.br/imovel-5127/instagram.com/npi_imoveis,2025-08-19
https://www.npiconsultoria.com.br/imovel-106771/instagram.com/npi_imoveis,2025-08-19
https://www.npiconsultoria.com.br/imovel-107154/instagram.com/npi_imoveis,2025-08-19
https://www.npiconsultoria.com.br/imovel-879/facebook.com/npiimoveis,2025-08-19
https://www.npiconsultoria.com.br/imovel-106357/facebook.com/npiimoveis,2025-08-19
https://www.npiconsultoria.com.br/imovel-106357/instagram.com/npi_imoveis,2025-08-19
"https://www.npiconsultoria.com.br/busca/venda/apartamento/sp/sao-paulo/zona-sul/jardim-paulista?bairro%5B0%5D=Jardim 
Paulista&cidade=Sao Paulo&finalidade=Venda&tipo%5B0%5D=Apartamento",2025-08-13
https://www.npiconsultoria.com.br/trabalhe-conosco/trabalhe-na-npi-imoveis-2,2025-08-12
"https://www.npiconsultoria.com.br/busca/venda/casa-em-condominio/sp/sao-paulo/campo-belo/?bairro%5B0%5D=Campo 
Belo&cidade=Sao Paulo&finalidade=Venda&tipo%5B0%5D=Casa Em Condominio",2025-08-10
https://www.npiconsultoria.com.br/busca/Pinheiros/?finalidade&tipo%5B%5D=Apartamento&cidade&bairro%5B%5D=Pinheiros&emp_cod_end,2025-08-04
"https://www.npiconsultoria.com.br/busca/venda/apartamento/sp/sao-paulo/zona-oeste/pinheiros?bairro%5B0%5D=Pinheiros&cidade=Sao 
Paulo&finalidade=Venda&tipo%5B0%5D=Apartamento",2025-08-01
https://www.npiconsultoria.com.br/trabalhe-conosco/trabalhe-na-npi-imoveis/,2025-07-31
"https://www.npiconsultoria.com.br/busca/venda/apartamento/sp/sao-paulo/zona-sul/santo-amaro/?bairro%5B0%5D=Santo 
Amaro&cidade=Sao Paulo&finalidade=Venda&tipo%5B0%5D=Apartamento",2025-07-29
"https://www.npiconsultoria.com.br/busca/venda/apartamento/sp/sao-paulo/zona-oeste/pinheiros/?bairro%5B0%5D=Pinheiros&cidade=Sao 
Paulo&finalidade=Venda&tipo%5B0%5D=Apartamento",2025-07-23
"https://www.npiconsultoria.com.br/busca/Vila-Nova-Conceicao/?finalidade&tipo%5B%5D=Apartamento&bairro%5B%5D=Vila 
Nova Conceicao&emp_cod_end",2025-07-23
https://www.npiconsultoria.com.br/busca/Pompeia,2025-07-17
"https://www.npiconsultoria.com.br/busca/venda/apartamento/sp/sao-paulo/zona-sul/vila-mariana?bairro%5B0%5D=Vila 
Mariana&cidade=Sao Paulo&finalidade=Venda&tipo%5B0%5D=Apartamento",2025-07-15
"https://www.npiconsultoria.com.br/busca/venda/apartamento/sp/sao-paulo/zona-sul/jardins/?bairro%5B0%5D=Jardins&cidade=Sao 
Paulo&finalidade=Venda&tipo%5B0%5D=Apartamento",2025-07-13
https://www.npiconsultoria.com.br/busca/Brooklin/?bairro%5B0%5D=Brooklin&emp_cod_end&finalidade&tipo%5B0%5D=Apartamento,2025-07-12
https://www.npiconsultoria.com.br/imovel-9545/instagram.com/npi_imoveis,2025-07-11
"https://www.npiconsultoria.com.br/busca/venda/apartamento/sp/sao-paulo/zona-sul/chacara-flora?bairro%5B0%5D=Chacara 
Flora&cidade=Sao Paulo&finalidade=Venda&tipo%5B0%5D=Apartamento",2025-07-11
"https://www.npiconsultoria.com.br/busca/venda/casa-em-condominio/sp/sao-paulo/alto-da-boa-vista?bairro%5B0%5D=Alto 
da Boa Vista&cidade=Sao Paulo&finalidade=Venda&tipo%5B0%5D=Casa Em 
Condominio",2025-07-11
https://www.npiconsultoria.com.br/imovel-106490/instagram.com/npi_imoveis,2025-07-11
"https://www.npiconsultoria.com.br/busca/venda/apartamento/sp/sao-paulo/zona-sul/itaim-bibi?bairro%5B0%5D=Itaim 
Bibi&cidade=Sao Paulo&finalidade=Venda&tipo%5B0%5D=Apartamento",2025-07-11
https://www.npiconsultoria.com.br/imovel-1535/instagram.com/npi_imoveis,2025-07-11
https://www.npiconsultoria.com.br/imovel-5378/facebook.com/npiimoveis,2025-07-11
https://www.npiconsultoria.com.br/imovel-9433/facebook.com/npiimoveis,2025-07-10
https://www.npiconsultoria.com.br/imovel-9433/instagram.com/npi_imoveis,2025-07-10
https://www.npiconsultoria.com.br/imovel-106970/facebook.com/npiimoveis,2025-07-10
https://www.npiconsultoria.com.br/imovel-106970/instagram.com/npi_imoveis,2025-07-10
https://www.npiconsultoria.com.br/imovel-4291/instagram.com/npi_imoveis,2025-07-10
https://www.npiconsultoria.com.br/imovel-5376/instagram.com/npi_imoveis,2025-07-10
https://www.npiconsultoria.com.br/imovel-9143/facebook.com/npiimoveis,2025-07-10
https://www.npiconsultoria.com.br/imovel-106415/facebook.com/npiimoveis,2025-07-10
https://www.npiconsultoria.com.br/imovel-1715/facebook.com/npiimoveis,2025-07-10
https://www.npiconsultoria.com.br/imovel-9208/instagram.com/npi_imoveis,2025-07-10
https://www.npiconsultoria.com.br/imovel-229/instagram.com/npi_imoveis,2025-07-10
https://www.npiconsultoria.com.br/imovel-106311/instagram.com/npi_imoveis,2025-07-10
https://www.npiconsultoria.com.br/imovel-4153/facebook.com/npiimoveis,2025-07-10
https://www.npiconsultoria.com.br/imovel-4153/instagram.com/npi_imoveis,2025-07-10
https://www.npiconsultoria.com.br/imovel-082/instagram.com/npi_imoveis,2025-07-10
https://www.npiconsultoria.com.br/imovel-105919/facebook.com/npiimoveis,2025-07-09
https://www.npiconsultoria.com.br/imovel-106553/instagram.com/npi_imoveis,2025-07-09
https://www.npiconsultoria.com.br/imovel-1011/facebook.com/npiimoveis,2025-07-09
https://www.npiconsultoria.com.br/imovel-1772/facebook.com/npiimoveis,2025-07-09
https://www.npiconsultoria.com.br/imovel-1772/instagram.com/npi_imoveis,2025-07-08
https://www.npiconsultoria.com.br/imovel-4292/facebook.com/npiimoveis,2025-07-08
https://www.npiconsultoria.com.br/imovel-105753/instagram.com/npi_imoveis,2025-07-08
https://www.npiconsultoria.com.br/imovel-106669/facebook.com/npiimoveis,2025-07-08
"https://www.npiconsultoria.com.br/busca/venda/casa-em-condominio/sp/sao-paulo/itaim-bibi?bairro%5B0%5D=Itaim 
Bibi&cidade=Sao Paulo&finalidade=Venda&tipo%5B0%5D=Casa Em Condominio",2025-07-08
"https://www.npiconsultoria.com.br/busca/Vila-Nova-Conceicao?finalidade&tipo%5B%5D=Apartamento&bairro%5B%5D=Vila 
Nova Conceicao&emp_cod_end",2025-07-08
https://www.npiconsultoria.com.br/imovel-107554/facebook.com/npiimoveis,2025-07-08
https://www.npiconsultoria.com.br/imovel-7364/facebook.com/npiimoveis,2025-07-08
https://www.npiconsultoria.com.br/imovel-7604/instagram.com/npi_imoveis,2025-07-08
https://www.npiconsultoria.com.br/imovel-4930/instagram.com/npi_imoveis,2025-07-08
https://www.npiconsultoria.com.br/imovel-4476/facebook.com/npiimoveis,2025-07-08
https://www.npiconsultoria.com.br/imovel-106847/facebook.com/npiimoveis,2025-07-08
https://www.npiconsultoria.com.br/imovel-182/facebook.com/npiimoveis,2025-07-08
https://www.npiconsultoria.com.br/imovel-182/instagram.com/npi_imoveis,2025-07-08
https://www.npiconsultoria.com.br/imovel-9337/facebook.com/npiimoveis,2025-07-08
https://www.npiconsultoria.com.br/imovel-3088/instagram.com/npi_imoveis,2025-07-08
https://www.npiconsultoria.com.br/imovel-3088/facebook.com/npiimoveis,2025-07-08
https://www.npiconsultoria.com.br/imovel-5376/facebook.com/npiimoveis,2025-07-08
https://www.npiconsultoria.com.br/imovel-5081/instagram.com/npi_imoveis,2025-07-08
https://www.npiconsultoria.com.br/imovel-582/instagram.com/npi_imoveis,2025-07-08
https://www.npiconsultoria.com.br/imovel-582/facebook.com/npiimoveis,2025-07-08
"https://www.npiconsultoria.com.br/busca/venda/casa-em-condominio/sp/sao-paulo/brooklin?bairro%5B0%5D=Brooklin&cidade=Sao 
Paulo&finalidade=Venda&tipo%5B0%5D=Casa Em Condominio",2025-07-08
"https://www.npiconsultoria.com.br/busca/venda/casa-em-condominio/sp/sao-paulo/itaim-bibi/?bairro%5B0%5D=Itaim 
Bibi&cidade=Sao Paulo&finalidade=Venda&tipo%5B0%5D=Casa Em Condominio",2025-07-07
https://www.npiconsultoria.com.br/imovel-106753/facebook.com/npiimoveis,2025-07-07
https://www.npiconsultoria.com.br/imovel-106845/instagram.com/npi_imoveis,2025-07-07
https://www.npiconsultoria.com.br/imovel-106799/facebook.com/npiimoveis,2025-07-07
"https://www.npiconsultoria.com.br/busca/venda/apartamento/sp/sao-paulo/zona-sul/chacara-santo-antonio/?bairro%5B0%5D=Chacara 
Santo Antonio&cidade=Sao Paulo&finalidade=Venda&tipo%5B0%5D=Apartamento",2025-07-07
https://www.npiconsultoria.com.br/imovel-105740/facebook.com/npiimoveis,2025-07-07
"https://www.npiconsultoria.com.br/busca/venda/apartamento/sp/sao-paulo/zona-oeste/alto-da-lapa/?bairro%5B0%5D=Alto 
da Lapa&cidade=Sao Paulo&finalidade=Venda&tipo%5B0%5D=Apartamento",2025-07-07
https://www.npiconsultoria.com.br/imovel-107510/instagram.com/npi_imoveis,2025-07-07
https://www.npiconsultoria.com.br/imovel-106011/instagram.com/npi_imoveis,2025-07-07
https://www.npiconsultoria.com.br/imovel-106894/instagram.com/npi_imoveis,2025-07-07
https://www.npiconsultoria.com.br/imovel-781/facebook.com/npiimoveis,2025-07-07
https://www.npiconsultoria.com.br/imovel-106845/facebook.com/npiimoveis,2025-07-07
https://www.npiconsultoria.com.br/imovel-106241/facebook.com/npiimoveis,2025-07-07
"https://www.npiconsultoria.com.br/busca/venda/apartamento/sp/sao-paulo/zona-sul/itaim-bibi/?bairro%5B0%5D=Itaim 
Bibi&cidade=Sao Paulo&finalidade=Venda&tipo%5B0%5D=Apartamento",2025-07-07
https://www.npiconsultoria.com.br/imovel-129/facebook.com/npiimoveis,2025-07-07
https://www.npiconsultoria.com.br/imovel-9314/facebook.com/npiimoveis,2025-07-07
https://www.npiconsultoria.com.br/imovel-106766/facebook.com/npiimoveis,2025-07-07
https://www.npiconsultoria.com.br/imovel-106156/facebook.com/npiimoveis,2025-07-07
"https://www.npiconsultoria.com.br/busca/venda/apartamento/sp/sao-paulo/zona-sul/campo-belo/?bairro%5B0%5D=Campo 
Belo&cidade=Sao Paulo&finalidade=Venda&tipo%5B0%5D=Apartamento",2025-07-07
https://www.npiconsultoria.com.br/imovel-4822/instagram.com/npi_imoveis,2025-07-07
https://www.npiconsultoria.com.br/imovel-107348/facebook.com/npiimoveis,2025-07-07
https://www.npiconsultoria.com.br/imovel-4476/instagram.com/npi_imoveis,2025-07-07
https://www.npiconsultoria.com.br/imovel-105824/instagram.com/npi_imoveis,2025-07-07
https://www.npiconsultoria.com.br/imovel-1785/instagram.com/npi_imoveis,2025-07-07
https://www.npiconsultoria.com.br/imovel-4100/instagram.com/npi_imoveis,2025-07-07
https://www.npiconsultoria.com.br/imovel-107960/facebook.com/npiimoveis,2025-07-07
https://www.npiconsultoria.com.br/imovel-106722/facebook.com/npiimoveis,2025-07-06
https://www.npiconsultoria.com.br/imovel-107197/instagram.com/npi_imoveis,2025-07-06
https://www.npiconsultoria.com.br/imovel-107197/facebook.com/npiimoveis,2025-07-06
https://www.npiconsultoria.com.br/imovel-4994/facebook.com/npiimoveis,2025-07-06
https://www.npiconsultoria.com.br/imovel-106125/facebook.com/npiimoveis,2025-07-05
https://www.npiconsultoria.com.br/imovel-106196/facebook.com/npiimoveis,2025-07-05
https://www.npiconsultoria.com.br/imovel-105825/facebook.com/npiimoveis,2025-07-05
https://www.npiconsultoria.com.br/imovel-1406/instagram.com/npi_imoveis,2025-07-05
https://www.npiconsultoria.com.br/imovel-1334/instagram.com/npi_imoveis,2025-07-04
https://www.npiconsultoria.com.br/imovel-5293/instagram.com/npi_imoveis,2025-07-04
https://www.npiconsultoria.com.br/imovel-040/facebook.com/npiimoveis,2025-07-04
https://www.npiconsultoria.com.br/imovel-105609/facebook.com/npiimoveis,2025-07-04
https://www.npiconsultoria.com.br/imovel-5293/facebook.com/npiimoveis,2025-07-03
https://www.npiconsultoria.com.br/imovel-107812/facebook.com/npiimoveis,2025-07-03
https://www.npiconsultoria.com.br/imovel-1079/facebook.com/npiimoveis,2025-07-03
https://www.npiconsultoria.com.br/imovel-105687/itaimdata/itaim.swf,2025-07-03
https://www.npiconsultoria.com.br/imovel-107812/instagram.com/npi_imoveis,2025-07-02
https://www.npiconsultoria.com.br/imovel-1079/instagram.com/npi_imoveis,2025-07-02
https://www.npiconsultoria.com.br/imovel-612/facebook.com/npiimoveis,2025-07-02
https://www.npiconsultoria.com.br/imovel-8338/facebook.com/npiimoveis,2025-07-02
"https://www.npiconsultoria.com.br/busca/venda/casa-em-condominio/sp/sao-paulo/campo-belo?bairro%5B0%5D=Campo 
Belo&cidade=Sao Paulo&finalidade=Venda&tipo%5B0%5D=Casa Em Condominio",2025-07-02
https://www.npiconsultoria.com.br/imovel-106472/facebook.com/npiimoveis,2025-07-02
"https://www.npiconsultoria.com.br/busca/venda/casa-em-condominio/sp/sao-paulo/moema?bairro%5B0%5D=Moema&cidade=Sao 
Paulo&finalidade=Venda&tipo%5B0%5D=Casa Em Condominio",2025-07-02
https://www.npiconsultoria.com.br/imovel-106617/facebook.com/npiimoveis,2025-07-02
https://www.npiconsultoria.com.br/imovel-106617/instagram.com/npi_imoveis,2025-07-02
https://www.npiconsultoria.com.br/imovel-9419/instagram.com/npi_imoveis,2025-07-02
https://www.npiconsultoria.com.br/imovel-5310/instagram.com/npi_imoveis,2025-07-02
https://www.npiconsultoria.com.br/imovel-106569/instagram.com/npi_imoveis,2025-07-02
https://www.npiconsultoria.com.br/busca/Campo-Belo/,2025-07-02
"https://www.npiconsultoria.com.br/busca/venda/casa-em-condominio/sp/sao-paulo/jardim-europa?bairro%5B0%5D=Jardim 
Europa&cidade=Sao Paulo&finalidade=Venda&tipo%5B0%5D=Casa Em Condominio",2025-07-02
"https://www.npiconsultoria.com.br/busca/venda/casa-em-condominio/rs/gramado?cidade=Gramado&finalidade&tipo%5B0%5D=Casa 
Em Condominio",2025-07-02
https://www.npiconsultoria.com.br/imovel-590/facebook.com/npiimoveis,2025-07-02
https://www.npiconsultoria.com.br/imovel-9143/instagram.com/npi_imoveis,2025-07-01
https://www.npiconsultoria.com.br/imovel-7604/facebook.com/npiimoveis,2025-07-01
https://www.npiconsultoria.com.br/imovel-106371/instagram.com/npi_imoveis,2025-07-01
https://www.npiconsultoria.com.br/imovel-5859/instagram.com/npi_imoveis,2025-07-01
https://www.npiconsultoria.com.br/imovel-049/instagram.com/npi_imoveis,2025-07-01
"https://www.npiconsultoria.com.br/busca/venda/apartamento/sp/sao-paulo/zona-sul/morumbi?bairro%5B0%5D=Morumbi&cidade=Sao 
Paulo&finalidade=Venda&tipo%5B0%5D=Apartamento",2025-07-01
https://www.npiconsultoria.com.br/imovel-106498/instagram.com/npi_imoveis,2025-07-01
https://www.npiconsultoria.com.br/home/exto-copy/,2025-07-01
https://www.npiconsultoria.com.br/imovel-106017/facebook.com/npiimoveis,2025-07-01
https://www.npiconsultoria.com.br/imovel-106448/instagram.com/npi_imoveis,2025-07-01
https://www.npiconsultoria.com.br/imovel-6033/facebook.com/npiimoveis,2025-07-01
https://www.npiconsultoria.com.br/imovel-4214/facebook.com/npiimoveis,2025-06-30
https://www.npiconsultoria.com.br/imovel-4100/facebook.com/npiimoveis,2025-06-30
https://www.npiconsultoria.com.br/imovel-5310/facebook.com/npiimoveis,2025-06-30
https://www.npiconsultoria.com.br/imovel-892/instagram.com/npi_imoveis,2025-06-30
https://www.npiconsultoria.com.br/imovel-106318/instagram.com/npi_imoveis,2025-06-30
https://www.npiconsultoria.com.br/imovel-106022/instagram.com/npi_imoveis,2025-06-30
https://www.npiconsultoria.com.br/imovel-105619/instagram.com/npi_imoveis,2025-06-30
https://www.npiconsultoria.com.br/imovel-106174/instagram.com/npi_imoveis,2025-06-30
https://www.npiconsultoria.com.br/imovel-2043/facebook.com/npiimoveis,2025-06-30
https://www.npiconsultoria.com.br/imovel-2043/instagram.com/npi_imoveis,2025-06-30
https://www.npiconsultoria.com.br/imovel-105780/instagram.com/npi_imoveis,2025-06-30
https://www.npiconsultoria.com.br/imovel-105780/facebook.com/npiimoveis,2025-06-30
https://www.npiconsultoria.com.br/imovel-4214/instagram.com/npi_imoveis,2025-06-30
https://www.npiconsultoria.com.br/imovel-105934/instagram.com/npi_imoveis,2025-06-29
https://www.npiconsultoria.com.br/imovel-106678/instagram.com/npi_imoveis,2025-06-29
https://www.npiconsultoria.com.br/imovel-107814/instagram.com/npi_imoveis,2025-06-29
https://www.npiconsultoria.com.br/imovel-612/instagram.com/npi_imoveis,2025-06-29
https://www.npiconsultoria.com.br/imovel-106690/facebook.com/npiimoveis,2025-06-29
https://www.npiconsultoria.com.br/imovel-106156/instagram.com/npi_imoveis,2025-06-29
https://www.npiconsultoria.com.br/imovel-106889/facebook.com/npiimoveis,2025-06-29
https://www.npiconsultoria.com.br/imovel-106300/instagram.com/npi_imoveis,2025-06-29
https://www.npiconsultoria.com.br/imovel-107111/facebook.com/npiimoveis,2025-06-28
https://www.npiconsultoria.com.br/imovel-9419/facebook.com/npiimoveis,2025-06-28
https://www.npiconsultoria.com.br/busca/feed,2025-06-28
https://www.npiconsultoria.com.br/imovel-105810/instagram.com/npi_imoveis,2025-06-28
https://www.npiconsultoria.com.br/imovel-106060/instagram.com/npi_imoveis,2025-06-28
https://www.npiconsultoria.com.br/imovel-106966/instagram.com/npi_imoveis,2025-06-28
https://www.npiconsultoria.com.br/imovel-105877/facebook.com/npiimoveis,2025-06-28
https://www.npiconsultoria.com.br/imovel-106241/instagram.com/npi_imoveis,2025-06-28
"https://www.npiconsultoria.com.br/busca/venda/apartamento/sp/sao-paulo/zona-oeste/vila-romana?bairro%5B0%5D=Vila 
Romana&cidade=Sao Paulo&finalidade=Venda&tipo%5B0%5D=Apartamento",2025-06-28
https://www.npiconsultoria.com.br/imovel-106172/facebook.com/npiimoveis,2025-06-28
https://www.npiconsultoria.com.br/imovel-4464/instagram.com/npi_imoveis,2025-06-28
https://www.npiconsultoria.com.br/imovel-810/facebook.com/npiimoveis,2025-06-27
https://www.npiconsultoria.com.br/imovel-810/instagram.com/npi_imoveis,2025-06-27
https://www.npiconsultoria.com.br/imovel-106551/instagram.com/npi_imoveis,2025-06-27
https://www.npiconsultoria.com.br/imovel-4112/instagram.com/npi_imoveis,2025-06-27
https://www.npiconsultoria.com.br/imovel-107726/facebook.com/npiimoveis,2025-06-27
"https://www.npiconsultoria.com.br/busca/Itaim-Bibi?finalidade&tipo%5B%5D&bairro%5B%5D=Itaim 
Bibi&emp_cod_end",2025-06-27
https://www.npiconsultoria.com.br/imovel-4551/instagram.com/npi_imoveis,2025-06-27
https://www.npiconsultoria.com.br/imovel-1909/facebook.com/npiimoveis,2025-06-27
https://www.npiconsultoria.com.br/imovel-106832/facebook.com/npiimoveis,2025-06-27
https://www.npiconsultoria.com.br/imovel-106469/facebook.com/npiimoveis,2025-06-27
https://www.npiconsultoria.com.br/imovel-107249/instagram.com/npi_imoveis,2025-06-27
https://www.npiconsultoria.com.br/imovel-106334/facebook.com/npiimoveis,2025-06-27
https://www.npiconsultoria.com.br/imovel-106329/facebook.com/npiimoveis,2025-06-27
https://www.npiconsultoria.com.br/busca/Brooklin/?tipo%5B%5D=Apartamento&bairro%5B%5D=Itaim,2025-06-27
https://www.npiconsultoria.com.br/imovel-9313/instagram.com/npi_imoveis,2025-06-27
https://www.npiconsultoria.com.br/imovel-9208/facebook.com/npiimoveis,2025-06-27
https://www.npiconsultoria.com.br/imovel-4464/facebook.com/npiimoveis,2025-06-27
https://www.npiconsultoria.com.br/imovel-106522/facebook.com/npiimoveis,2025-06-27
https://www.npiconsultoria.com.br/imovel-5139/facebook.com/npiimoveis,2025-06-27
https://www.npiconsultoria.com.br/imovel-105668/facebook.com/npiimoveis,2025-06-26
https://www.npiconsultoria.com.br/imovel-4861/instagram.com/npi_imoveis,2025-06-26
https://www.npiconsultoria.com.br/imovel-107907/instagram.com/npi_imoveis,2025-06-26
https://www.npiconsultoria.com.br/imovel-106151/instagram.com/npi_imoveis,2025-06-26
https://www.npiconsultoria.com.br/imovel-106362/facebook.com/npiimoveis,2025-06-26
https://www.npiconsultoria.com.br/busca/Pinheiros?finalidade&tipo%5B%5D=Apartamento&cidade&bairro%5B%5D=Pinheiros&emp_cod_end,2025-06-26
https://www.npiconsultoria.com.br/imovel-9062/instagram.com/npi_imoveis,2025-06-26
https://www.npiconsultoria.com.br/imovel-107907/facebook.com/npiimoveis,2025-06-26
https://www.npiconsultoria.com.br/imovel-107125/facebook.com/npiimoveis,2025-06-26
https://www.npiconsultoria.com.br/imovel-107588/instagram.com/npi_imoveis,2025-06-26
https://www.npiconsultoria.com.br/imovel-107692/instagram.com/npi_imoveis,2025-06-26
https://www.npiconsultoria.com.br/imovel-5139/instagram.com/npi_imoveis,2025-06-26
https://www.npiconsultoria.com.br/imovel-9122/facebook.com/npiimoveis,2025-06-26
https://www.npiconsultoria.com.br/imovel-9122/instagram.com/npi_imoveis,2025-06-26
https://www.npiconsultoria.com.br/imovel-1552/facebook.com/npiimoveis,2025-06-26
https://www.npiconsultoria.com.br/imovel-376/facebook.com/npiimoveis,2025-06-25
https://www.npiconsultoria.com.br/imovel-107431/facebook.com/npiimoveis,2025-06-25
https://www.npiconsultoria.com.br/imovel-6076/instagram.com/npi_imoveis,2025-06-25
https://www.npiconsultoria.com.br/imovel-376/instagram.com/npi_imoveis,2025-06-25
https://www.npiconsultoria.com.br/imovel-107440/facebook.com/npiimoveis,2025-06-25
https://www.npiconsultoria.com.br/imovel-4861/facebook.com/npiimoveis,2025-06-25
https://www.npiconsultoria.com.br/imovel-107028/facebook.com/npiimoveis,2025-06-25
https://www.npiconsultoria.com.br/imovel-4512/instagram.com/npi_imoveis,2025-06-25
https://www.npiconsultoria.com.br/imovel-4510/facebook.com/npiimoveis,2025-06-25
https://www.npiconsultoria.com.br/facebook.com/npiimoveis,2025-06-25
https://www.npiconsultoria.com.br/imovel-106174/facebook.com/npiimoveis,2025-06-25
https://www.npiconsultoria.com.br/imovel-106469/instagram.com/npi_imoveis,2025-06-24
https://www.npiconsultoria.com.br/imovel-1297/instagram.com/npi_imoveis,2025-06-24
https://www.npiconsultoria.com.br/imovel-1552/instagram.com/npi_imoveis,2025-06-24
https://www.npiconsultoria.com.br/imovel-10003/instagram.com/npi_imoveis,2025-06-24
https://www.npiconsultoria.com.br/imovel-107069/instagram.com/npi_imoveis,2025-06-24
"https://www.npiconsultoria.com.br/busca/venda/apartamento/sp/sao-paulo/zona-sul/jardim-europa?bairro%5B0%5D=Jardim 
Europa&cidade=Sao Paulo&finalidade=Venda&tipo%5B0%5D=Apartamento",2025-06-24
"https://www.npiconsultoria.com.br/busca/venda/casa-em-condominio/sp/sao-paulo/vila-nova-conceicao?bairro%5B0%5D=Vila 
Nova Conceicao&cidade=Sao Paulo&finalidade=Venda&tipo%5B0%5D=Casa Em 
Condominio",2025-06-24
"https://www.npiconsultoria.com.br/busca/venda/apartamento/sp/sao-paulo/zona-sul/aclimacao?bairro%5B0%5D=Aclimacao&cidade=Sao 
Paulo&finalidade=Venda&tipo%5B0%5D=Apartamento",2025-06-24
https://www.npiconsultoria.com.br/imovel-105651/facebook.com/npiimoveis,2025-06-24
https://www.npiconsultoria.com.br/imovel-9365/instagram.com/npi_imoveis,2025-06-24
https://www.npiconsultoria.com.br/imovel-107076/instagram.com/npi_imoveis,2025-06-23
"https://www.npiconsultoria.com.br/busca/venda/apartamento/sp/sao-paulo/zona-sul/vila-clementino/?bairro%5B0%5D=Vila 
Clementino&cidade=Sao Paulo&finalidade=Venda&tipo%5B0%5D=Apartamento",2025-06-23
https://www.npiconsultoria.com.br/imovel-106300/facebook.com/npiimoveis,2025-06-23
https://www.npiconsultoria.com.br/imovel-107699/facebook.com/npiimoveis,2025-06-23
https://www.npiconsultoria.com.br/imovel-106573/instagram.com/npi_imoveis,2025-06-23
"https://www.npiconsultoria.com.br/busca/venda/apartamento/sp/sao-paulo/zona-oeste/perdizes?bairro%5B0%5D=Perdizes&cidade=Sao 
Paulo&finalidade=Venda&tipo%5B0%5D=Apartamento",2025-06-23
https://www.npiconsultoria.com.br/imovel-107440/instagram.com/npi_imoveis,2025-06-23
https://www.npiconsultoria.com.br/imovel-106888/instagram.com/npi_imoveis,2025-06-23
https://www.npiconsultoria.com.br/imovel-9483/instagram.com/npi_imoveis,2025-06-23
https://www.npiconsultoria.com.br/imovel-826/instagram.com/npi_imoveis,2025-06-23
https://www.npiconsultoria.com.br/imovel-9617/facebook.com/npiimoveis,2025-06-23
"https://www.npiconsultoria.com.br/busca/venda/apartamento/sp/sao-paulo/zona-oeste/vila-leopoldina/?bairro%5B0%5D=Vila 
Leopoldina&cidade=Sao Paulo&finalidade=Venda&tipo%5B0%5D=Apartamento",2025-06-23
https://www.npiconsultoria.com.br/imovel-4497/facebook.com/npiimoveis,2025-06-23
https://www.npiconsultoria.com.br/imovel-5053/facebook.com/npiimoveis,2025-06-22
https://www.npiconsultoria.com.br/imovel-9483/facebook.com/npiimoveis,2025-06-22
https://www.npiconsultoria.com.br/imovel-106827/instagram.com/npi_imoveis,2025-06-22
https://www.npiconsultoria.com.br/imovel-107805/facebook.com/npiimoveis,2025-06-22
https://www.npiconsultoria.com.br/imovel-107203/facebook.com/npiimoveis,2025-06-22
https://www.npiconsultoria.com.br/imovel-4868/instagram.com/npi_imoveis,2025-06-22
https://www.npiconsultoria.com.br/imovel-106885/instagram.com/npi_imoveis,2025-06-22
https://www.npiconsultoria.com.br/imovel-4064/instagram.com/npi_imoveis,2025-06-22
https://www.npiconsultoria.com.br/imovel-105651/instagram.com/npi_imoveis,2025-06-22
https://www.npiconsultoria.com.br/imovel-107028/instagram.com/npi_imoveis,2025-06-22
https://www.npiconsultoria.com.br/imovel-105931/facebook.com/npiimoveis,2025-06-22
"https://www.npiconsultoria.com.br/busca/venda/apartamento/sp/sao-paulo/zona-sul/saude/?bairro%5B0%5D=Saude&cidade=Sao 
Paulo&finalidade=Venda&tipo%5B0%5D=Apartamento",2025-06-22
https://www.npiconsultoria.com.br/imovel-106624/facebook.com/npiimoveis,2025-06-22
https://www.npiconsultoria.com.br/imovel-10076/facebook.com/npiimoveis,2025-06-22
https://www.npiconsultoria.com.br/imovel-107823/facebook.com/npiimoveis,2025-06-22
https://www.npiconsultoria.com.br/imovel-106509/instagram.com/npi_imoveis,2025-06-22
https://www.npiconsultoria.com.br/imovel-10105/facebook.com/npiimoveis,2025-06-22
https://www.npiconsultoria.com.br/imovel-4868/facebook.com/npiimoveis,2025-06-22
https://www.npiconsultoria.com.br/imovel-108205/instagram.com/npi_imoveis,2025-06-22
https://www.npiconsultoria.com.br/imovel-1702/instagram.com/npi_imoveis,2025-06-22
"https://www.npiconsultoria.com.br/busca/venda/apartamento/sp/sao-paulo/zona-sul/chacara-klabin?bairro%5B0%5D=Chacara 
Klabin&cidade=Sao Paulo&finalidade=Venda&tipo%5B0%5D=Apartamento",2025-06-22
https://www.npiconsultoria.com.br/imovel-5374/instagram.com/npi_imoveis,2025-06-21
https://www.npiconsultoria.com.br/imovel-107203/instagram.com/npi_imoveis,2025-06-21
https://www.npiconsultoria.com.br/imovel-1832/instagram.com/npi_imoveis,2025-06-21
https://www.npiconsultoria.com.br/imovel-023/instagram.com/npi_imoveis,2025-06-21
https://www.npiconsultoria.com.br/imovel-1064/facebook.com/npiimoveis,2025-06-21
"https://www.npiconsultoria.com.br/busca/venda/apartamento/sp/sao-paulo/zona-oeste/lapa?bairro%5B0%5D=Lapa&cidade=Sao 
Paulo&finalidade=Venda&tipo%5B0%5D=Apartamento",2025-06-21
https://www.npiconsultoria.com.br/imovel-1949/instagram.com/npi_imoveis,2025-06-21
https://www.npiconsultoria.com.br/imovel-105862/instagram.com/npi_imoveis,2025-06-21
https://www.npiconsultoria.com.br/imovel-105877/instagram.com/npi_imoveis,2025-06-21
https://www.npiconsultoria.com.br/imovel-4497/instagram.com/npi_imoveis,2025-06-21
https://www.npiconsultoria.com.br/imovel-106509/facebook.com/npiimoveis,2025-06-21
https://www.npiconsultoria.com.br/imovel-1739/facebook.com/npiimoveis,2025-06-21
https://www.npiconsultoria.com.br/imovel-107348/instagram.com/npi_imoveis,2025-06-21
https://www.npiconsultoria.com.br/imovel-9365/facebook.com/npiimoveis,2025-06-21
https://www.npiconsultoria.com.br/imovel-108106/instagram.com/npi_imoveis,2025-06-21
"https://www.npiconsultoria.com.br/busca/venda/casa-em-condominio/sp/braganca-paulista?area%5B0%5D&area%5B1%5D&cidade&emp_cod_end=quinta 
da baroneza&finalidade&valor%5B0%5D&valor%5B1%5D",2025-06-21
https://www.npiconsultoria.com.br/imovel-106869/facebook.com/npiimoveis,2025-06-21
https://www.npiconsultoria.com.br/imovel-9298/instagram.com/npi_imoveis,2025-06-21
https://www.npiconsultoria.com.br/imovel-107431/instagram.com/npi_imoveis,2025-06-21
https://www.npiconsultoria.com.br/imovel-106555/instagram.com/npi_imoveis,2025-06-21
https://www.npiconsultoria.com.br/imovel-1064/instagram.com/npi_imoveis,2025-06-21
https://www.npiconsultoria.com.br/imovel-9298/facebook.com/npiimoveis,2025-06-21
"https://www.npiconsultoria.com.br/busca/venda/apartamento/sp/sao-paulo/zona-sul/alto-da-boa-vista?bairro%5B0%5D=Alto 
da Boa Vista&cidade=Sao Paulo&finalidade=Venda&tipo%5B0%5D=Apartamento",2025-06-21
https://www.npiconsultoria.com.br/imovel-106980/instagram.com/npi_imoveis,2025-06-21
"https://www.npiconsultoria.com.br/busca/venda/apartamento/sp/sao-paulo/zona-sul/santo-amaro?bairro%5B0%5D=Santo 
Amaro&cidade=Sao Paulo&finalidade=Venda&tipo%5B0%5D=Apartamento",2025-06-21
https://www.npiconsultoria.com.br/imovel-781/instagram.com/npi_imoveis,2025-06-21
https://www.npiconsultoria.com.br/imovel-5250/facebook.com/npiimoveis,2025-06-21
https://www.npiconsultoria.com.br/imovel-4931/instagram.com/npi_imoveis,2025-06-21
https://www.npiconsultoria.com.br/imovel-5250/instagram.com/npi_imoveis,2025-06-20
https://www.npiconsultoria.com.br/imovel-103/facebook.com/npiimoveis,2025-06-20
https://www.npiconsultoria.com.br/imovel-107825/facebook.com/npiimoveis,2025-06-20
https://www.npiconsultoria.com.br/imovel-106753/instagram.com/npi_imoveis,2025-06-20
"https://www.npiconsultoria.com.br/busca/venda/apartamento/sp/sao-paulo/zona-sul/jardim-europa/?bairro%5B0%5D=Jardim 
Europa&cidade=Sao Paulo&finalidade=Venda&tipo%5B0%5D=Apartamento",2025-06-20
"https://www.npiconsultoria.com.br/busca/venda/casa-em-condominio/sp/sao-paulo/moema/?bairro%5B0%5D=Moema&cidade=Sao 
Paulo&finalidade=Venda&tipo%5B0%5D=Casa Em Condominio",2025-06-20
https://www.npiconsultoria.com.br/imovel-1636/instagram.com/npi_imoveis,2025-06-20
"https://www.npiconsultoria.com.br/busca/venda/apartamento/sp/sao-paulo/zona-sul/saude?bairro%5B0%5D=Saude&cidade=Sao 
Paulo&finalidade=Venda&tipo%5B0%5D=Apartamento",2025-06-20
"https://www.npiconsultoria.com.br/busca/venda/apartamento/sp/sao-paulo/zona-oeste/pompeia?bairro%5B0%5D=Pompeia&cidade=Sao 
Paulo&finalidade=Venda&tipo%5B0%5D=Apartamento",2025-06-20
https://www.npiconsultoria.com.br/imovel-8356/facebook.com/npiimoveis,2025-06-20
https://www.npiconsultoria.com.br/venda-seu-imovel/cadastre-seu-imovel-gratis-2/,2025-06-20
https://www.npiconsultoria.com.br/imovel-106529/facebook.com/npiimoveis,2025-06-20
https://www.npiconsultoria.com.br/imovel-106529/instagram.com/npi_imoveis,2025-06-20
https://www.npiconsultoria.com.br/imovel-811/facebook.com/npiimoveis,2025-06-20
https://www.npiconsultoria.com.br/imovel-107466/instagram.com/npi_imoveis,2025-06-20
https://www.npiconsultoria.com.br/imovel-4751/instagram.com/npi_imoveis,2025-06-19
https://www.npiconsultoria.com.br/imovel-4751/facebook.com/npiimoveis,2025-06-19
https://www.npiconsultoria.com.br/imovel-529/instagram.com/npi_imoveis,2025-06-19
"https://www.npiconsultoria.com.br/busca/venda/casa-em-condominio/sp/sao-paulo/jardim-cordeiro?bairro%5B0%5D=Jardim 
Cordeiro&cidade=Sao Paulo&finalidade=Venda&tipo%5B0%5D=Casa Em Condominio",2025-06-19
https://www.npiconsultoria.com.br/imovel-107901/facebook.com/npiimoveis,2025-06-19
https://www.npiconsultoria.com.br/imovel-106569/facebook.com/npiimoveis,2025-06-19
https://www.npiconsultoria.com.br/imovel-250/instagram.com/npi_imoveis,2025-06-19
https://www.npiconsultoria.com.br/imovel-9086/facebook.com/npiimoveis,2025-06-19
"https://www.npiconsultoria.com.br/busca/Vila-Mariana?finalidade&tipo%5B%5D=Apartamento&bairro%5B%5D=Vila 
Mariana&emp_cod_end",2025-06-18
https://www.npiconsultoria.com.br/imovel-4854/instagram.com/npi_imoveis,2025-06-18
https://www.npiconsultoria.com.br/imovel-106161/facebook.com/npiimoveis,2025-06-17
https://www.npiconsultoria.com.br/imovel-107269/instagram.com/npi_imoveis,2025-06-17
https://www.npiconsultoria.com.br/imovel-694983/facebook.com/npiimoveis,2025-06-17
https://www.npiconsultoria.com.br/imovel-108186/instagram.com/npi_imoveis,2025-06-17
https://www.npiconsultoria.com.br/imovel-308/facebook.com/npiimoveis,2025-06-16
https://www.npiconsultoria.com.br/imovel-107692/facebook.com/npiimoveis,2025-06-16
https://www.npiconsultoria.com.br/imovel-106097/instagram.com/npi_imoveis,2025-06-16
https://www.npiconsultoria.com.br/imovel-108205/facebook.com/npiimoveis,2025-06-16
https://www.npiconsultoria.com.br/imovel-108363/facebook.com/npiimoveis,2025-06-16
https://www.npiconsultoria.com.br/imovel-9086/instagram.com/npi_imoveis,2025-06-16
https://www.npiconsultoria.com.br/imovel-1839/facebook.com/npiimoveis,2025-06-16
https://www.npiconsultoria.com.br/imovel-9094/instagram.com/npi_imoveis,2025-06-15
https://www.npiconsultoria.com.br/imovel-108234/instagram.com/npi_imoveis,2025-06-15
https://www.npiconsultoria.com.br/imovel-106954/instagram.com/npi_imoveis,2025-06-15
https://www.npiconsultoria.com.br/imovel-106395/instagram.com/npi_imoveis,2025-06-15
https://www.npiconsultoria.com.br/imovel-4370/instagram.com/npi_imoveis,2025-06-15
https://www.npiconsultoria.com.br/imovel-106543/facebook.com/npiimoveis,2025-06-15
https://www.npiconsultoria.com.br/imovel-106513/instagram.com/npi_imoveis,2025-06-15
https://www.npiconsultoria.com.br/imovel-107352/instagram.com/npi_imoveis,2025-06-15
https://www.npiconsultoria.com.br/imovel-107352/facebook.com/npiimoveis,2025-06-15
https://www.npiconsultoria.com.br/imovel-721/facebook.com/npiimoveis,2025-06-15
https://www.npiconsultoria.com.br/imovel-106555/facebook.com/npiimoveis,2025-06-15
https://www.npiconsultoria.com.br/imovel-105745/instagram.com/npi_imoveis,2025-06-15
https://www.npiconsultoria.com.br/imovel-4931/facebook.com/npiimoveis,2025-06-15
https://www.npiconsultoria.com.br/imovel-4507/facebook.com/npiimoveis,2025-06-15
https://www.npiconsultoria.com.br/imovel-9094/facebook.com/npiimoveis,2025-06-15
https://www.npiconsultoria.com.br/imovel-529/facebook.com/npiimoveis,2025-06-15
https://www.npiconsultoria.com.br/imovel-106390/instagram.com/npi_imoveis,2025-06-15
https://www.npiconsultoria.com.br/imovel-105695/facebook.com/npiimoveis,2025-06-15
https://www.npiconsultoria.com.br/imovel-1520/facebook.com/npiimoveis,2025-06-15
https://www.npiconsultoria.com.br/imovel-856100/instagram.com/npi_imoveis,2025-06-15
https://www.npiconsultoria.com.br/imovel-542/facebook.com/npiimoveis,2025-06-15
https://www.npiconsultoria.com.br/imovel-106508/instagram.com/npi_imoveis,2025-06-15
https://www.npiconsultoria.com.br/imovel-106908/facebook.com/npiimoveis,2025-06-14
https://www.npiconsultoria.com.br/imovel-055/instagram.com/npi_imoveis,2025-06-14
https://www.npiconsultoria.com.br/imovel-092/facebook.com/npiimoveis,2025-06-14
https://www.npiconsultoria.com.br/imovel-9597/facebook.com/npiimoveis,2025-06-14
https://www.npiconsultoria.com.br/imovel-108116/instagram.com/npi_imoveis,2025-06-14
https://www.npiconsultoria.com.br/imovel-2044/instagram.com/npi_imoveis,2025-06-14
https://www.npiconsultoria.com.br/imovel-107326/instagram.com/npi_imoveis,2025-06-14
https://www.npiconsultoria.com.br/imovel-107315/instagram.com/npi_imoveis,2025-06-14
https://www.npiconsultoria.com.br/imovel-108010/instagram.com/npi_imoveis,2025-06-14
https://www.npiconsultoria.com.br/imovel-5289/facebook.com/npiimoveis,2025-06-14
https://www.npiconsultoria.com.br/imovel-694983/instagram.com/npi_imoveis,2025-06-14
https://www.npiconsultoria.com.br/imovel-106603/instagram.com/npi_imoveis,2025-06-14
https://www.npiconsultoria.com.br/imovel-106059/instagram.com/npi_imoveis,2025-06-14
https://www.npiconsultoria.com.br/imovel-4182/facebook.com/npiimoveis,2025-06-14
https://www.npiconsultoria.com.br/imovel-106505/instagram.com/npi_imoveis,2025-06-14
https://www.npiconsultoria.com.br/imovel-106792/instagram.com/npi_imoveis,2025-06-14
https://www.npiconsultoria.com.br/imovel-107302/facebook.com/npiimoveis,2025-06-14
https://www.npiconsultoria.com.br/imovel-1879/facebook.com/npiimoveis,2025-06-14
https://www.npiconsultoria.com.br/imovel-1332/facebook.com/npiimoveis,2025-06-14
https://www.npiconsultoria.com.br/imovel-1332/instagram.com/npi_imoveis,2025-06-14
https://www.npiconsultoria.com.br/imovel-107003/facebook.com/npiimoveis,2025-06-14
https://www.npiconsultoria.com.br/imovel-106461/facebook.com/npiimoveis,2025-06-14
https://www.npiconsultoria.com.br/imovel-106461/instagram.com/npi_imoveis,2025-06-14
https://www.npiconsultoria.com.br/imovel-572/instagram.com/npi_imoveis,2025-06-14
https://www.npiconsultoria.com.br/imovel-4267/facebook.com/npiimoveis,2025-06-14
https://www.npiconsultoria.com.br/imovel-178/instagram.com/npi_imoveis,2025-06-14
https://www.npiconsultoria.com.br/imovel-2014/instagram.com/npi_imoveis,2025-06-14
https://www.npiconsultoria.com.br/imovel-2014/facebook.com/npiimoveis,2025-06-14
https://www.npiconsultoria.com.br/imovel-106572/facebook.com/npiimoveis,2025-06-14
https://www.npiconsultoria.com.br/imovel-4507/instagram.com/npi_imoveis,2025-06-13
"https://www.npiconsultoria.com.br/busca/venda/apartamento/sp/sao-paulo/zona-sul/cidade-jardim/?bairro%5B0%5D=Cidade 
Jardim&cidade=Sao Paulo&finalidade=Venda&tipo%5B0%5D=Apartamento",2025-06-13
"https://www.npiconsultoria.com.br/busca/venda/apartamento/sp/sao-paulo/zona-sul/cidade-jardim?bairro%5B0%5D=Cidade 
Jardim&cidade=Sao Paulo&finalidade=Venda&tipo%5B0%5D=Apartamento",2025-06-13
https://www.npiconsultoria.com.br/imovel-4267/instagram.com/npi_imoveis,2025-06-13
https://www.npiconsultoria.com.br/imovel-106894/facebook.com/npiimoveis,2025-06-13
https://www.npiconsultoria.com.br/imovel-931/instagram.com/npi_imoveis,2025-06-13
https://www.npiconsultoria.com.br/imovel-260/facebook.com/npiimoveis,2025-06-13
https://www.npiconsultoria.com.br/imovel-811/instagram.com/npi_imoveis,2025-06-13
https://www.npiconsultoria.com.br/imovel-5312/facebook.com/npiimoveis,2025-06-13
https://www.npiconsultoria.com.br/imovel-1861/facebook.com/npiimoveis,2025-06-13
https://www.npiconsultoria.com.br/imovel-107960/instagram.com/npi_imoveis,2025-06-13
https://www.npiconsultoria.com.br/imovel-106690/instagram.com/npi_imoveis,2025-06-13
https://www.npiconsultoria.com.br/imovel-107814/facebook.com/npiimoveis,2025-06-13
"https://www.npiconsultoria.com.br/busca/venda/casa-em-condominio/sp/sao-paulo/vila-nova-conceicao/?bairro%5B0%5D=Vila 
Nova Conceicao&cidade=Sao Paulo&finalidade=Venda&tipo%5B0%5D=Casa Em 
Condominio",2025-06-13
https://www.npiconsultoria.com.br/imovel-5312/instagram.com/npi_imoveis,2025-06-13
https://www.npiconsultoria.com.br/imovel-8366/instagram.com/npi_imoveis,2025-06-13
"https://www.npiconsultoria.com.br/busca/venda/apartamento/sp/sao-paulo/zona-oeste/lapa/?bairro%5B0%5D=Lapa&cidade=Sao 
Paulo&finalidade=Venda&tipo%5B0%5D=Apartamento",2025-06-13
https://www.npiconsultoria.com.br/imovel-107802/facebook.com/npiimoveis,2025-06-13
"https://www.npiconsultoria.com.br/busca/Brooklin/?tipo%5B%5D=Apartamento&bairro%5B%5D=Vila 
Olimpia",2025-06-13
https://www.npiconsultoria.com.br/imovel-071/facebook.com/npiimoveis,2025-06-13
https://www.npiconsultoria.com.br/imovel-1861/instagram.com/npi_imoveis,2025-06-13
https://www.npiconsultoria.com.br/busca/feed/,2025-06-13
https://www.npiconsultoria.com.br/imovel-106646/instagram.com/npi_imoveis,2025-06-13
https://www.npiconsultoria.com.br/imovel-106646/facebook.com/npiimoveis,2025-06-13
https://www.npiconsultoria.com.br/imovel-105843/instagram.com/npi_imoveis,2025-06-13
https://www.npiconsultoria.com.br/imovel-107825/instagram.com/npi_imoveis,2025-06-13
https://www.npiconsultoria.com.br/imovel-107574/instagram.com/npi_imoveis,2025-06-13
https://www.npiconsultoria.com.br/imovel-1514/instagram.com/npi_imoveis,2025-06-13
https://www.npiconsultoria.com.br/imovel-107574/facebook.com/npiimoveis,2025-06-13
https://www.npiconsultoria.com.br/imovel-106355/instagram.com/npi_imoveis,2025-06-13
https://www.npiconsultoria.com.br/imovel-1784/facebook.com/npiimoveis,2025-06-13
https://www.npiconsultoria.com.br/imovel-107630/instagram.com/npi_imoveis,2025-06-13
https://www.npiconsultoria.com.br/imovel-106355/facebook.com/npiimoveis,2025-06-13
https://www.npiconsultoria.com.br/imovel-766/facebook.com/npiimoveis,2025-06-12
https://www.npiconsultoria.com.br/imovel-4190/instagram.com/npi_imoveis,2025-06-12
https://www.npiconsultoria.com.br/imovel-106726/instagram.com/npi_imoveis,2025-06-12
https://www.npiconsultoria.com.br/imovel-9315/instagram.com/npi_imoveis,2025-06-12
https://www.npiconsultoria.com.br/imovel-4190/facebook.com/npiimoveis,2025-06-12
https://www.npiconsultoria.com.br/imovel-4322/facebook.com/npiimoveis,2025-06-12
https://www.npiconsultoria.com.br/imovel-655/instagram.com/npi_imoveis,2025-06-12
https://www.npiconsultoria.com.br/imovel-4322/instagram.com/npi_imoveis,2025-06-12
https://www.npiconsultoria.com.br/imovel-105401/facebook.com/npiimoveis,2025-06-12
https://www.npiconsultoria.com.br/imovel-10081/facebook.com/npiimoveis,2025-06-12
https://www.npiconsultoria.com.br/imovel-105401/instagram.com/npi_imoveis,2025-06-12
https://www.npiconsultoria.com.br/imovel-10081/instagram.com/npi_imoveis,2025-06-12
https://www.npiconsultoria.com.br/imovel-8033/facebook.com/npiimoveis,2025-06-12
https://www.npiconsultoria.com.br/imovel-9315/facebook.com/npiimoveis,2025-06-12
https://www.npiconsultoria.com.br/imovel-655/facebook.com/npiimoveis,2025-06-12
https://www.npiconsultoria.com.br/imovel-9516/facebook.com/npiimoveis,2025-06-12
https://www.npiconsultoria.com.br/imovel-9516/instagram.com/npi_imoveis,2025-06-12
https://www.npiconsultoria.com.br/imovel-1784/instagram.com/npi_imoveis,2025-06-12
https://www.npiconsultoria.com.br/imovel-766/instagram.com/npi_imoveis,2025-06-12
https://www.npiconsultoria.com.br/busca/Pinheiros/?finalidade&tipo%5B%5D=Apartamento&bairro%5B%5D=Pinheiros&emp_cod_end,2025-06-12
https://www.npiconsultoria.com.br/imovel-9102/facebook.com/npiimoveis,2025-06-12
https://www.npiconsultoria.com.br/busca/Pinheiros/?bairro%5B0%5D=Pinheiros&emp_cod_end&finalidade&tipo%5B0%5D=Apartamento,2025-06-12
"https://www.npiconsultoria.com.br/busca/Campo-Belo/?finalidade&tipo%5B%5D=Apartamento&bairro%5B%5D=Campo 
Belo&emp_cod_end",2025-06-12
https://www.npiconsultoria.com.br/imovel-1177/instagram.com/npi_imoveis,2025-06-12
"https://www.npiconsultoria.com.br/busca/Vila-Mariana/?finalidade&tipo%5B%5D=Apartamento&bairro%5B%5D=Vila 
Mariana&emp_cod_end",2025-06-12
https://www.npiconsultoria.com.br/imovel-107430/instagram.com/npi_imoveis,2025-06-12
https://www.npiconsultoria.com.br/cadastre-seu-imovel/cadastre-seu-imovel-gratis-2/,2025-06-12
"https://www.npiconsultoria.com.br/busca/venda/apartamento/sp/sao-paulo/zona-sul/jardim-america?bairro%5B0%5D=Jardim 
America&cidade=Sao Paulo&finalidade=Venda&tipo%5B0%5D=Apartamento",2025-06-12
"https://www.npiconsultoria.com.br/busca/venda/apartamento/sp/sao-paulo/zona-sul/chacara-santo-antonio?bairro%5B0%5D=Chacara 
Santo Antonio&cidade=Sao Paulo&finalidade=Venda&tipo%5B0%5D=Apartamento",2025-06-12
https://www.npiconsultoria.com.br/imovel-106582/facebook.com/npiimoveis,2025-06-12
https://www.npiconsultoria.com.br/imovel-107081/instagram.com/npi_imoveis,2025-06-11
https://www.npiconsultoria.com.br/imovel-106539/instagram.com/npi_imoveis,2025-06-11
"https://www.npiconsultoria.com.br/busca/venda/apartamento/sp/sao-paulo/zona-oeste/alto-da-lapa?bairro%5B0%5D=Alto 
da Lapa&cidade=Sao Paulo&finalidade=Venda&tipo%5B0%5D=Apartamento",2025-06-11
"https://www.npiconsultoria.com.br/busca/venda/apartamento/sp/sao-paulo/zona-sul/brooklin?bairro%5B0%5D=Brooklin&cidade=Sao 
Paulo&finalidade=Venda&tipo%5B0%5D=Apartamento",2025-06-11
"https://www.npiconsultoria.com.br/busca/venda/apartamento/sp/sao-paulo/zona-sul/vila-olimpia?bairro%5B0%5D=Vila 
Olimpia&cidade=Sao Paulo&finalidade=Venda&tipo%5B0%5D=Apartamento",2025-06-11
https://www.npiconsultoria.com.br/imovel-1964/instagram.com/npi_imoveis,2025-06-11
https://www.npiconsultoria.com.br/imovel-106037/instagram.com/npi_imoveis,2025-06-11
"https://www.npiconsultoria.com.br/busca/venda/apartamento/sp/sao-paulo/zona-sul/granja-julieta?bairro%5B0%5D=Granja 
Julieta&cidade=Sao Paulo&finalidade=Venda&tipo%5B0%5D=Apartamento",2025-06-11
https://www.npiconsultoria.com.br/imovel-105740/instagram.com/npi_imoveis,2025-06-11
"https://www.npiconsultoria.com.br/busca/venda/apartamento/sp/sao-paulo/zona-oeste/alto-de-pinheiros?bairro%5B0%5D=Alto 
de Pinheiros&cidade=Sao Paulo&finalidade=Venda&tipo%5B0%5D=Apartamento",2025-06-11
https://www.npiconsultoria.com.br/imovel-107218/instagram.com/npi_imoveis,2025-06-11
https://www.npiconsultoria.com.br/imovel-9102/instagram.com/npi_imoveis,2025-06-11
https://www.npiconsultoria.com.br/imovel-9626/facebook.com/npiimoveis,2025-06-11
https://www.npiconsultoria.com.br/imovel-107805/instagram.com/npi_imoveis,2025-06-11
https://www.npiconsultoria.com.br/imovel-9626/instagram.com/npi_imoveis,2025-06-11
https://www.npiconsultoria.com.br/imovel-107218/facebook.com/npiimoveis,2025-06-11
https://www.npiconsultoria.com.br/imovel-106037/facebook.com/npiimoveis,2025-06-11
https://www.npiconsultoria.com.br/imovel-094/facebook.com/npiimoveis,2025-06-11
https://www.npiconsultoria.com.br/imovel-106122/facebook.com/npiimoveis,2025-06-11
https://www.npiconsultoria.com.br/imovel-1963/facebook.com/npiimoveis,2025-06-10
https://www.npiconsultoria.com.br/imovel-107081/facebook.com/npiimoveis,2025-06-10
https://www.npiconsultoria.com.br/imovel-258/instagram.com/npi_imoveis,2025-06-10
https://www.npiconsultoria.com.br/imovel-9324/facebook.com/npiimoveis,2025-06-10
https://www.npiconsultoria.com.br/imovel-106413/instagram.com/npi_imoveis,2025-06-10
https://www.npiconsultoria.com.br/imovel-107774/instagram.com/npi_imoveis,2025-06-10
https://www.npiconsultoria.com.br/imovel-726/facebook.com/npiimoveis,2025-06-10
https://www.npiconsultoria.com.br/imovel-106770/instagram.com/npi_imoveis,2025-06-10
https://www.npiconsultoria.com.br/imovel-106827/facebook.com/npiimoveis,2025-06-10
"https://www.npiconsultoria.com.br/busca/amp/?tipo%5B0%5D=Apartamento&bairro%5B0%5D=Campo 
Belo",2025-06-10
https://www.npiconsultoria.com.br/imovel-9476/instagram.com/npi_imoveis,2025-06-10
https://www.npiconsultoria.com.br/imovel-106790/instagram.com/npi_imoveis,2025-06-10
https://www.npiconsultoria.com.br/imovel-9476/facebook.com/npiimoveis,2025-06-10
https://www.npiconsultoria.com.br/imovel-4558/facebook.com/npiimoveis,2025-06-10
https://www.npiconsultoria.com.br/imovel-105653/facebook.com/npiimoveis,2025-06-10
https://www.npiconsultoria.com.br/imovel-4558/instagram.com/npi_imoveis,2025-06-10
https://www.npiconsultoria.com.br/imovel-106726/facebook.com/npiimoveis,2025-06-10
https://www.npiconsultoria.com.br/imovel-107125/instagram.com/npi_imoveis,2025-06-10
https://www.npiconsultoria.com.br/imovel-95156/facebook.com/npiimoveis,2025-06-10
https://www.npiconsultoria.com.br/imovel-9508/facebook.com/npiimoveis,2025-06-10
https://www.npiconsultoria.com.br/imovel-107437/facebook.com/npiimoveis,2025-06-10
https://www.npiconsultoria.com.br/imovel-107416/instagram.com/npi_imoveis,2025-06-10
https://www.npiconsultoria.com.br/imovel-105901/facebook.com/npiimoveis,2025-06-10
https://www.npiconsultoria.com.br/imovel-10125/facebook.com/npiimoveis,2025-06-10
https://www.npiconsultoria.com.br/imovel-106202/facebook.com/npiimoveis,2025-06-10
https://www.npiconsultoria.com.br/imovel-106413/facebook.com/npiimoveis,2025-06-10
https://www.npiconsultoria.com.br/imovel-4909/instagram.com/npi_imoveis,2025-06-10
https://www.npiconsultoria.com.br/imovel-9396/facebook.com/npiimoveis,2025-06-10
https://www.npiconsultoria.com.br/imovel-106862/facebook.com/npiimoveis,2025-06-10
https://www.npiconsultoria.com.br/imovel-107144/facebook.com/npiimoveis,2025-06-10
https://www.npiconsultoria.com.br/imovel-106983/instagram.com/npi_imoveis,2025-06-10
https://www.npiconsultoria.com.br/imovel-4634/facebook.com/npiimoveis,2025-06-10
https://www.npiconsultoria.com.br/imovel-107260/instagram.com/npi_imoveis,2025-06-10
https://www.npiconsultoria.com.br/imovel-105765/facebook.com/npiimoveis,2025-06-10
https://www.npiconsultoria.com.br/imovel-106888/facebook.com/npiimoveis,2025-06-10
https://www.npiconsultoria.com.br/imovel-106540/facebook.com/npiimoveis,2025-06-10
https://www.npiconsultoria.com.br/imovel-8366/facebook.com/npiimoveis,2025-06-10
https://www.npiconsultoria.com.br/imovel-105765/instagram.com/npi_imoveis,2025-06-10
https://www.npiconsultoria.com.br/imovel-107144/instagram.com/npi_imoveis,2025-06-10
https://www.npiconsultoria.com.br/imovel-5181/instagram.com/npi_imoveis,2025-06-10
https://www.npiconsultoria.com.br/imovel-106771/facebook.com/npiimoveis,2025-06-10
https://www.npiconsultoria.com.br/imovel-107048/facebook.com/npiimoveis,2025-06-10
https://www.npiconsultoria.com.br/imovel-107036/instagram.com/npi_imoveis,2025-06-10
https://www.npiconsultoria.com.br/imovel-106302/facebook.com/npiimoveis,2025-06-10
https://www.npiconsultoria.com.br/imovel-107525/facebook.com/npiimoveis,2025-06-10
https://www.npiconsultoria.com.br/imovel-106862/instagram.com/npi_imoveis,2025-06-10
https://www.npiconsultoria.com.br/imovel-106349/facebook.com/npiimoveis,2025-06-10
https://www.npiconsultoria.com.br/imovel-106622/facebook.com/npiimoveis,2025-06-10
https://www.npiconsultoria.com.br/imovel-4634/instagram.com/npi_imoveis,2025-06-10
https://www.npiconsultoria.com.br/imovel-4015/instagram.com/npi_imoveis,2025-06-10
https://www.npiconsultoria.com.br/imovel-107383/instagram.com/npi_imoveis,2025-06-10
https://www.npiconsultoria.com.br/imovel-107560/instagram.com/npi_imoveis,2025-06-10
https://www.npiconsultoria.com.br/imovel-106595/facebook.com/npiimoveis,2025-06-10
https://www.npiconsultoria.com.br/imovel-107383/facebook.com/npiimoveis,2025-06-10
https://www.npiconsultoria.com.br/imovel-6981/instagram.com/npi_imoveis,2025-06-10
https://www.npiconsultoria.com.br/imovel-107430/facebook.com/npiimoveis,2025-06-10
https://www.npiconsultoria.com.br/imovel-4315/instagram.com/npi_imoveis,2025-06-10
https://www.npiconsultoria.com.br/imovel-106595/instagram.com/npi_imoveis,2025-06-10
https://www.npiconsultoria.com.br/imovel-4315/facebook.com/npiimoveis,2025-06-10
https://www.npiconsultoria.com.br/imovel-5319/facebook.com/npiimoveis,2025-06-10
"https://www.npiconsultoria.com.br/busca/venda/casa-em-condominio/rs/gramado/?cidade=Gramado&finalidade&tipo%5B0%5D=Casa 
Em Condominio",2025-06-10
https://www.npiconsultoria.com.br/imovel-106352/facebook.com/npiimoveis,2025-06-10
https://www.npiconsultoria.com.br/imovel-4133/instagram.com/npi_imoveis,2025-06-10
https://www.npiconsultoria.com.br/imovel-107350/facebook.com/npiimoveis,2025-06-10
"https://www.npiconsultoria.com.br/busca/venda/casa-em-condominio/sp/sao-paulo/brooklin/?bairro%5B0%5D=Brooklin&cidade=Sao 
Paulo&finalidade=Venda&tipo%5B0%5D=Casa Em Condominio",2025-06-10
https://www.npiconsultoria.com.br/imovel-4033/facebook.com/npiimoveis,2025-06-10
https://www.npiconsultoria.com.br/imovel-980/instagram.com/npi_imoveis,2025-06-10
https://www.npiconsultoria.com.br/imovel-5392/facebook.com/npiimoveis,2025-06-10
https://www.npiconsultoria.com.br/imovel-106489/instagram.com/npi_imoveis,2025-06-10
https://www.npiconsultoria.com.br/imovel-1394/instagram.com/npi_imoveis,2025-06-10
https://www.npiconsultoria.com.br/imovel-4133/facebook.com/npiimoveis,2025-06-10
https://www.npiconsultoria.com.br/imovel-95156/instagram.com/npi_imoveis,2025-06-10
https://www.npiconsultoria.com.br/imovel-107343/facebook.com/npiimoveis,2025-06-10
https://www.npiconsultoria.com.br/imovel-9396/instagram.com/npi_imoveis,2025-06-10
https://www.npiconsultoria.com.br/imovel-106885/facebook.com/npiimoveis,2025-06-10
https://www.npiconsultoria.com.br/imovel-5319/instagram.com/npi_imoveis,2025-06-10
https://www.npiconsultoria.com.br/imovel-106411/instagram.com/npi_imoveis,2025-06-10
https://www.npiconsultoria.com.br/imovel-106122/instagram.com/npi_imoveis,2025-06-10
https://www.npiconsultoria.com.br/imovel-7021/instagram.com/npi_imoveis,2025-06-10
https://www.npiconsultoria.com.br/imovel-8877/facebook.com/npiimoveis,2025-06-10
https://www.npiconsultoria.com.br/imovel-106352/instagram.com/npi_imoveis,2025-06-10
https://www.npiconsultoria.com.br/imovel-106823/facebook.com/npiimoveis,2025-06-10
https://www.npiconsultoria.com.br/imovel-7021/facebook.com/npiimoveis,2025-06-10
https://www.npiconsultoria.com.br/imovel-315/facebook.com/npiimoveis,2025-06-10
https://www.npiconsultoria.com.br/imovel-4909/facebook.com/npiimoveis,2025-06-10
https://www.npiconsultoria.com.br/imovel-5180/facebook.com/npiimoveis,2025-06-10
https://www.npiconsultoria.com.br/imovel-106302/instagram.com/npi_imoveis,2025-06-10
https://www.npiconsultoria.com.br/imovel-107560/facebook.com/npiimoveis,2025-06-10
https://www.npiconsultoria.com.br/imovel-106688/facebook.com/npiimoveis,2025-06-10
https://www.npiconsultoria.com.br/imovel-1230/facebook.com/npiimoveis,2025-06-10
https://www.npiconsultoria.com.br/imovel-4254/instagram.com/npi_imoveis,2025-06-10
https://www.npiconsultoria.com.br/imovel-4254/facebook.com/npiimoveis,2025-06-10
https://www.npiconsultoria.com.br/imovel-1300/facebook.com/npiimoveis,2025-06-10
https://www.npiconsultoria.com.br/imovel-1803/facebook.com/npiimoveis,2025-06-10
https://www.npiconsultoria.com.br/imovel-106622/instagram.com/npi_imoveis,2025-06-10
https://www.npiconsultoria.com.br/imovel-033/facebook.com/npiimoveis,2025-06-09
https://www.npiconsultoria.com.br/imovel-178/facebook.com/npiimoveis,2025-06-09
https://www.npiconsultoria.com.br/imovel-4351/facebook.com/npiimoveis,2025-06-09
https://www.npiconsultoria.com.br/imovel-107394/facebook.com/npiimoveis,2025-06-09
https://www.npiconsultoria.com.br/imovel-9378/instagram.com/npi_imoveis,2025-06-09
https://www.npiconsultoria.com.br/imovel-1200/facebook.com/npiimoveis,2025-06-09
https://www.npiconsultoria.com.br/imovel-5308/instagram.com/npi_imoveis,2025-06-09
https://www.npiconsultoria.com.br/imovel-1981/instagram.com/npi_imoveis,2025-06-09
https://www.npiconsultoria.com.br/imovel-106695/facebook.com/npiimoveis,2025-06-09
https://www.npiconsultoria.com.br/imovel-107683/instagram.com/npi_imoveis,2025-06-09
https://www.npiconsultoria.com.br/imovel-1981/facebook.com/npiimoveis,2025-06-09
https://www.npiconsultoria.com.br/imovel-7612/instagram.com/npi_imoveis,2025-06-09
https://www.npiconsultoria.com.br/imovel-106614/instagram.com/npi_imoveis,2025-06-09
https://www.npiconsultoria.com.br/imovel-1994/instagram.com/npi_imoveis,2025-06-09
https://www.npiconsultoria.com.br/imovel-106579/instagram.com/npi_imoveis,2025-06-09
https://www.npiconsultoria.com.br/imovel-5043/facebook.com/npiimoveis,2025-06-09
https://www.npiconsultoria.com.br/imovel-3015/instagram.com/npi_imoveis,2025-06-09
https://www.npiconsultoria.com.br/imovel-5063/instagram.com/npi_imoveis,2025-06-09
https://www.npiconsultoria.com.br/imovel-106923/instagram.com/npi_imoveis,2025-06-09
https://www.npiconsultoria.com.br/imovel-1407/thera-office-berrini-aluguel/1000,2025-06-09
https://www.npiconsultoria.com.br/imovel-804/facebook.com/npiimoveis,2025-06-09
https://www.npiconsultoria.com.br/imovel-5043/instagram.com/npi_imoveis,2025-06-09
https://www.npiconsultoria.com.br/imovel-106160/instagram.com/npi_imoveis,2025-06-09
https://www.npiconsultoria.com.br/imovel-106923/facebook.com/npiimoveis,2025-06-09
https://www.npiconsultoria.com.br/imovel-10093/facebook.com/npiimoveis,2025-06-09
https://www.npiconsultoria.com.br/imovel-1210/instagram.com/npi_imoveis,2025-06-09
https://www.npiconsultoria.com.br/imovel-9367/facebook.com/npiimoveis,2025-06-09
https://www.npiconsultoria.com.br/imovel-5247/instagram.com/npi_imoveis,2025-06-09
"https://www.npiconsultoria.com.br/imovel-4037//'.$url./'/imovel-/' . 
($dados[/'PLACA/']) ./'//' . linkamigo($dados[/'EMPREENDIMENTO/'])./'",2025-06-09
https://www.npiconsultoria.com.br/imovel-1694/instagram.com/npi_imoveis,2025-06-09
https://www.npiconsultoria.com.br/imovel-106610/instagram.com/npi_imoveis,2025-06-09
https://www.npiconsultoria.com.br/imovel-5053/instagram.com/npi_imoveis,2025-06-09
https://www.npiconsultoria.com.br/imovel-586/instagram.com/npi_imoveis,2025-06-09
https://www.npiconsultoria.com.br/imovel-586/facebook.com/npiimoveis,2025-06-09
https://www.npiconsultoria.com.br/imovel-106329/instagram.com/npi_imoveis,2025-06-09
https://www.npiconsultoria.com.br/imovel-9052/instagram.com/npi_imoveis,2025-06-09
https://www.npiconsultoria.com.br/imovel-094/instagram.com/npi_imoveis,2025-06-09
https://www.npiconsultoria.com.br/imovel-107831/instagram.com/npi_imoveis,2025-06-09
https://www.npiconsultoria.com.br/imovel-4220/instagram.com/npi_imoveis,2025-06-09
https://www.npiconsultoria.com.br/imovel-106967/facebook.com/npiimoveis,2025-06-09
https://www.npiconsultoria.com.br/imovel-108117/instagram.com/npi_imoveis,2025-06-09
https://www.npiconsultoria.com.br/imovel-107762/instagram.com/npi_imoveis,2025-06-09
https://www.npiconsultoria.com.br/imovel-106288/facebook.com/npiimoveis,2025-06-09
https://www.npiconsultoria.com.br/imovel-107762/facebook.com/npiimoveis,2025-06-09
https://www.npiconsultoria.com.br/imovel-105938/facebook.com/npiimoveis,2025-06-09
https://www.npiconsultoria.com.br/imovel-106790/facebook.com/npiimoveis,2025-06-09
https://www.npiconsultoria.com.br/imovel-106759/facebook.com/npiimoveis,2025-06-09
https://www.npiconsultoria.com.br/imovel-106759/instagram.com/npi_imoveis,2025-06-09
https://www.npiconsultoria.com.br/imovel-106115/instagram.com/npi_imoveis,2025-06-09
https://www.npiconsultoria.com.br/imovel-106115/facebook.com/npiimoveis,2025-06-09
https://www.npiconsultoria.com.br/imovel-106334/instagram.com/npi_imoveis,2025-06-09
https://www.npiconsultoria.com.br/imovel-10093/instagram.com/npi_imoveis,2025-06-09
https://www.npiconsultoria.com.br/imovel-5315/instagram.com/npi_imoveis,2025-06-09
https://www.npiconsultoria.com.br/imovel-9052/facebook.com/npiimoveis,2025-06-09
https://www.npiconsultoria.com.br/imovel-1069/facebook.com/npiimoveis,2025-06-09
https://www.npiconsultoria.com.br/imovel-105697/instagram.com/npi_imoveis,2025-06-09
https://www.npiconsultoria.com.br/imovel-106937/facebook.com/npiimoveis,2025-06-09
https://www.npiconsultoria.com.br/imovel-106946/facebook.com/npiimoveis,2025-06-09
"https://www.npiconsultoria.com.br/imovel-4037///'.$url.//'/imovel-//' . 
($dados[//'PLACA//']) .//'///' . linkamigo($dados[//'EMPREENDIMENTO//']).//'",2025-06-09
https://www.npiconsultoria.com.br/imovel-106770/facebook.com/npiimoveis,2025-06-09
https://www.npiconsultoria.com.br/imovel-5247/facebook.com/npiimoveis,2025-06-09
https://www.npiconsultoria.com.br/imovel-107831/facebook.com/npiimoveis,2025-06-09
"https://www.npiconsultoria.com.br/imovel-4037/'.$url.'/imovel-' . 
($dados['PLACA']) .'/' . linkamigo($dados['EMPREENDIMENTO']).'",2025-06-09
https://www.npiconsultoria.com.br/imovel-4501/facebook.com/npiimoveis,2025-06-09
https://www.npiconsultoria.com.br/imovel-106946/instagram.com/npi_imoveis,2025-06-09
https://www.npiconsultoria.com.br/imovel-106047/instagram.com/npi_imoveis,2025-06-09
https://www.npiconsultoria.com.br/imovel-5114/instagram.com/npi_imoveis,2025-06-09
https://www.npiconsultoria.com.br/imovel-8415/facebook.com/npiimoveis,2025-06-09
https://www.npiconsultoria.com.br/imovel-1840/instagram.com/npi_imoveis,2025-06-09
https://www.npiconsultoria.com.br/imovel-8042/instagram.com/npi_imoveis,2025-06-08
https://www.npiconsultoria.com.br/imovel-4501/instagram.com/npi_imoveis,2025-06-08
https://www.npiconsultoria.com.br/imovel-1200/instagram.com/npi_imoveis,2025-06-08
https://www.npiconsultoria.com.br/imovel-5392/instagram.com/npi_imoveis,2025-06-08
https://www.npiconsultoria.com.br/imovel-106047/facebook.com/npiimoveis,2025-06-08
https://www.npiconsultoria.com.br/imovel-107446/instagram.com/npi_imoveis,2025-06-08
https://www.npiconsultoria.com.br/imovel-9511/instagram.com/npi_imoveis,2025-06-08
https://www.npiconsultoria.com.br/imovel-9554/facebook.com/npiimoveis,2025-06-08
https://www.npiconsultoria.com.br/imovel-9579/facebook.com/npiimoveis,2025-06-08
https://www.npiconsultoria.com.br/imovel-106390/facebook.com/npiimoveis,2025-06-08
https://www.npiconsultoria.com.br/imovel-1694/facebook.com/npiimoveis,2025-06-08
https://www.npiconsultoria.com.br/imovel-9113/instagram.com/npi_imoveis,2025-06-08
https://www.npiconsultoria.com.br/imovel-5335/instagram.com/npi_imoveis,2025-06-08
https://www.npiconsultoria.com.br/imovel-106879/instagram.com/npi_imoveis,2025-06-08
https://www.npiconsultoria.com.br/imovel-107241/instagram.com/npi_imoveis,2025-06-08
https://www.npiconsultoria.com.br/imovel-1335/instagram.com/npi_imoveis,2025-06-08
https://www.npiconsultoria.com.br/imovel-106288/instagram.com/npi_imoveis,2025-06-08
https://www.npiconsultoria.com.br/imovel-106592/facebook.com/npiimoveis,2025-06-08
https://www.npiconsultoria.com.br/imovel-106696/instagram.com/npi_imoveis,2025-06-08
https://www.npiconsultoria.com.br/imovel-106592/instagram.com/npi_imoveis,2025-06-08
https://www.npiconsultoria.com.br/imovel-1645/facebook.com/npiimoveis,2025-06-08
https://www.npiconsultoria.com.br/imovel-1645/instagram.com/npi_imoveis,2025-06-08
https://www.npiconsultoria.com.br/imovel-9640/facebook.com/npiimoveis,2025-06-08
https://www.npiconsultoria.com.br/imovel-10002/facebook.com/npiimoveis,2025-06-08
https://www.npiconsultoria.com.br/imovel-4354/instagram.com/npi_imoveis,2025-06-08
https://www.npiconsultoria.com.br/imovel-1338/instagram.com/npi_imoveis,2025-06-08
https://www.npiconsultoria.com.br/imovel-4806/facebook.com/npiimoveis,2025-06-08
https://www.npiconsultoria.com.br/imovel-9113/facebook.com/npiimoveis,2025-06-08
https://www.npiconsultoria.com.br/imovel-1297/facebook.com/npiimoveis,2025-06-08
https://www.npiconsultoria.com.br/imovel-398/instagram.com/npi_imoveis,2025-06-08
https://www.npiconsultoria.com.br/imovel-106900/facebook.com/npiimoveis,2025-06-08
https://www.npiconsultoria.com.br/imovel-107290/facebook.com/npiimoveis,2025-06-08
https://www.npiconsultoria.com.br/imovel-105653/instagram.com/npi_imoveis,2025-06-08
https://www.npiconsultoria.com.br/imovel-1019/facebook.com/npiimoveis,2025-06-08
https://www.npiconsultoria.com.br/imovel-5859/facebook.com/npiimoveis,2025-06-08
https://www.npiconsultoria.com.br/imovel-650/instagram.com/npi_imoveis,2025-06-08
https://www.npiconsultoria.com.br/imovel-105753/facebook.com/npiimoveis,2025-06-08
https://www.npiconsultoria.com.br/imovel-9464/instagram.com/npi_imoveis,2025-06-08
https://www.npiconsultoria.com.br/imovel-1019/instagram.com/npi_imoveis,2025-06-08
https://www.npiconsultoria.com.br/imovel-1161/facebook.com/npiimoveis,2025-06-08
https://www.npiconsultoria.com.br/imovel-4060/facebook.com/npiimoveis,2025-06-08
https://www.npiconsultoria.com.br/imovel-4060/instagram.com/npi_imoveis,2025-06-08
https://www.npiconsultoria.com.br/imovel-106336/instagram.com/npi_imoveis,2025-06-08
https://www.npiconsultoria.com.br/imovel-1161/instagram.com/npi_imoveis,2025-06-08
https://www.npiconsultoria.com.br/imovel-107034/instagram.com/npi_imoveis,2025-06-08
"https://www.npiconsultoria.com.br/busca/Vila-Mariana?finalidade&tipo%5B%5D=Apartamento&bairro%5B%5D=Vila 
Mariana&emp_cod_end",2025-06-08
https://www.npiconsultoria.com.br/imovel-5277/facebook.com/npiimoveis,2025-06-08
https://www.npiconsultoria.com.br/imovel-106957/instagram.com/npi_imoveis,2025-06-08
"https://www.npiconsultoria.com.br/busca/Vila-Olimpia?finalidade&tipo%5B%5D=Apartamento&bairro%5B%5D=Vila 
Olimpia&emp_cod_end",2025-06-08
https://www.npiconsultoria.com.br/imovel-106061/facebook.com/npiimoveis,2025-06-08
"https://www.npiconsultoria.com.br/busca/venda/apartamento/sp/sao-paulo/zona-sul/ipiranga/?bairro%5B0%5D=Ipiranga&cidade=Sao 
Paulo&finalidade=Venda&tipo%5B0%5D=Apartamento",2025-06-08
https://www.npiconsultoria.com.br/imovel-108201/instagram.com/npi_imoveis,2025-06-07
https://www.npiconsultoria.com.br/imovel-5095/facebook.com/npiimoveis,2025-06-07
https://www.npiconsultoria.com.br/imovel-107088/instagram.com/npi_imoveis,2025-06-07
https://www.npiconsultoria.com.br/imovel-107437/instagram.com/npi_imoveis,2025-06-07
https://www.npiconsultoria.com.br/imovel-4846/facebook.com/npiimoveis,2025-06-07
https://www.npiconsultoria.com.br/imovel-108053/instagram.com/npi_imoveis,2025-06-07
https://www.npiconsultoria.com.br/imovel-5174/instagram.com/npi_imoveis,2025-06-07
https://www.npiconsultoria.com.br/imovel-105925/facebook.com/npiimoveis,2025-06-07
https://www.npiconsultoria.com.br/imovel-1994/facebook.com/npiimoveis,2025-06-07
https://www.npiconsultoria.com.br/imovel-106605/instagram.com/npi_imoveis,2025-06-07
https://www.npiconsultoria.com.br/imovel-106284/facebook.com/npiimoveis,2025-06-07
https://www.npiconsultoria.com.br/imovel-106284/instagram.com/npi_imoveis,2025-06-07
https://www.npiconsultoria.com.br/imovel-106160/facebook.com/npiimoveis,2025-06-07
https://www.npiconsultoria.com.br/imovel-10101/facebook.com/npiimoveis,2025-06-07
https://www.npiconsultoria.com.br/imovel-106203/facebook.com/npiimoveis,2025-06-07
https://www.npiconsultoria.com.br/imovel-1195/instagram.com/npi_imoveis,2025-06-07
https://www.npiconsultoria.com.br/imovel-106605/facebook.com/npiimoveis,2025-06-07
https://www.npiconsultoria.com.br/imovel-106880/instagram.com/npi_imoveis,2025-06-07
https://www.npiconsultoria.com.br/imovel-4246/instagram.com/npi_imoveis,2025-06-07
https://www.npiconsultoria.com.br/imovel-1811/facebook.com/npiimoveis,2025-06-07
https://www.npiconsultoria.com.br/imovel-105742/instagram.com/npi_imoveis,2025-06-07
"https://www.npiconsultoria.com.br/busca/venda/apartamento/sp/sao-paulo/zona-oeste/vila-leopoldina?bairro%5B0%5D=Vila 
Leopoldina&cidade=Sao Paulo&finalidade=Venda&tipo%5B0%5D=Apartamento",2025-06-06
https://www.npiconsultoria.com.br/imovel-1300/instagram.com/npi_imoveis,2025-06-06
https://www.npiconsultoria.com.br/imovel-106067/facebook.com/npiimoveis,2025-06-06
https://www.npiconsultoria.com.br/imovel-105709/instagram.com/npi_imoveis,2025-06-06
https://www.npiconsultoria.com.br/imovel-2036/instagram.com/npi_imoveis,2025-06-06
https://www.npiconsultoria.com.br/imovel-105901/instagram.com/npi_imoveis,2025-06-06
https://www.npiconsultoria.com.br/imovel-668/instagram.com/npi_imoveis,2025-06-06
https://www.npiconsultoria.com.br/imovel-1240/facebook.com/npiimoveis,2025-06-06
"https://www.npiconsultoria.com.br/busca/venda/apartamento/sp/sao-paulo/zona-sul/vila-nova-conceicao/?bairro%5B0%5D=Vila 
Nova Conceicao&cidade=Sao Paulo&finalidade=Venda&tipo%5B0%5D=Apartamento",2025-06-06
https://www.npiconsultoria.com.br/imovel-1840/facebook.com/npiimoveis,2025-06-06
https://www.npiconsultoria.com.br/imovel-106152/facebook.com/npiimoveis,2025-06-06
https://www.npiconsultoria.com.br/imovel-1406/facebook.com/npiimoveis,2025-06-06
https://www.npiconsultoria.com.br/imovel-106865/instagram.com/npi_imoveis,2025-06-06
https://www.npiconsultoria.com.br/imovel-1803/instagram.com/npi_imoveis,2025-06-06
https://www.npiconsultoria.com.br/imovel-4063/instagram.com/npi_imoveis,2025-06-05
https://www.npiconsultoria.com.br/imovel-7016/instagram.com/npi_imoveis,2025-06-05
https://www.npiconsultoria.com.br/imovel-9508/instagram.com/npi_imoveis,2025-06-05
https://www.npiconsultoria.com.br/imovel-4749/instagram.com/npi_imoveis,2025-06-05
https://www.npiconsultoria.com.br/imovel-107525/instagram.com/npi_imoveis,2025-06-05
https://www.npiconsultoria.com.br/imovel-4063/facebook.com/npiimoveis,2025-06-04
https://www.npiconsultoria.com.br/imovel-106405/facebook.com/npiimoveis,2025-06-04
"https://www.npiconsultoria.com.br/busca/Vila-Olimpia/?bairro%5B0%5D=Vila 
Olimpia&emp_cod_end&finalidade&tipo%5B0%5D=Apartamento",2025-06-04
"https://www.npiconsultoria.com.br/busca/Vila-Olimpia/?finalidade&tipo%5B%5D=Apartamento&bairro%5B%5D=Vila 
Olimpia&emp_cod_end",2025-06-04
https://www.npiconsultoria.com.br/imovel-4937/instagram.com/npi_imoveis,2025-06-04
https://www.npiconsultoria.com.br/imovel-107733/facebook.com/npiimoveis,2025-06-04
"https://www.npiconsultoria.com.br/busca/venda/casa-em-condominio/sp/sao-paulo/jardim-cordeiro/?bairro%5B0%5D=Jardim 
Cordeiro&cidade=Sao Paulo&finalidade=Venda&tipo%5B0%5D=Casa Em Condominio",2025-06-04
"https://www.npiconsultoria.com.br/busca/Campo-Belo?bairro%5B0%5D=Campo 
Belo&emp_cod_end&finalidade&tipo%5B0%5D=Apartamento",2025-06-04
https://www.npiconsultoria.com.br/imovel-9047/facebook.com/npiimoveis,2025-06-04
"https://www.npiconsultoria.com.br/busca/venda/apartamento/sp/sao-paulo/zona-sul/granja-julieta/?bairro%5B0%5D=Granja 
Julieta&cidade=Sao Paulo&finalidade=Venda&tipo%5B0%5D=Apartamento",2025-06-04
https://www.npiconsultoria.com.br/imovel-4374/facebook.com/npiimoveis,2025-06-04
"https://www.npiconsultoria.com.br/busca/venda/apartamento/sp/sao-paulo/zona-oeste/perdizes/?bairro%5B0%5D=Perdizes&cidade=Sao 
Paulo&finalidade=Venda&tipo%5B0%5D=Apartamento",2025-06-04
https://www.npiconsultoria.com.br/imovel-927/instagram.com/npi_imoveis,2025-06-04
https://www.npiconsultoria.com.br/imovel-107110/facebook.com/npiimoveis,2025-06-03
https://www.npiconsultoria.com.br/imovel-106891/instagram.com/npi_imoveis,2025-06-03
https://www.npiconsultoria.com.br/imovel-564/facebook.com/npiimoveis,2025-06-03
https://www.npiconsultoria.com.br/imovel-1811/instagram.com/npi_imoveis,2025-06-03
https://www.npiconsultoria.com.br/imovel-107058/instagram.com/npi_imoveis,2025-06-03
https://www.npiconsultoria.com.br/imovel-107058/facebook.com/npiimoveis,2025-06-03
https://www.npiconsultoria.com.br/imovel-667/instagram.com/npi_imoveis,2025-06-03
https://www.npiconsultoria.com.br/imovel-433/instagram.com/npi_imoveis,2025-06-03
https://www.npiconsultoria.com.br/imovel-105846/facebook.com/npiimoveis,2025-06-03
https://www.npiconsultoria.com.br/imovel-5095/instagram.com/npi_imoveis,2025-06-03
https://www.npiconsultoria.com.br/imovel-105709/facebook.com/npiimoveis,2025-06-03
https://www.npiconsultoria.com.br/imovel-4822/facebook.com/npiimoveis,2025-06-03
https://www.npiconsultoria.com.br/imovel-262/instagram.com/npi_imoveis,2025-06-03
https://www.npiconsultoria.com.br/imovel-106757/facebook.com/npiimoveis,2025-06-02
https://www.npiconsultoria.com.br/imovel-5281/facebook.com/npiimoveis,2025-06-02
https://www.npiconsultoria.com.br/imovel-107775/instagram.com/npi_imoveis,2025-06-02
https://www.npiconsultoria.com.br/imovel-107775/facebook.com/npiimoveis,2025-06-02
https://www.npiconsultoria.com.br/imovel-1599/facebook.com/npiimoveis,2025-06-02
"https://www.npiconsultoria.com.br/busca/venda/apartamento/sp/sao-paulo/zona-sul/chacara-klabin/?bairro%5B0%5D=Chacara 
Klabin&cidade=Sao Paulo&finalidade=Venda&tipo%5B0%5D=Apartamento",2025-06-02
https://www.npiconsultoria.com.br/imovel-106521/instagram.com/npi_imoveis,2025-06-02
https://www.npiconsultoria.com.br/imovel-10076/instagram.com/npi_imoveis,2025-06-01
https://www.npiconsultoria.com.br/imovel-10104/facebook.com/npiimoveis,2025-05-31
https://www.npiconsultoria.com.br/imovel-105931/instagram.com/npi_imoveis,2025-05-31
https://www.npiconsultoria.com.br/imovel-9356/facebook.com/npiimoveis,2025-05-31
https://www.npiconsultoria.com.br/imovel-108117/facebook.com/npiimoveis,2025-05-31
https://www.npiconsultoria.com.br/imovel-433/facebook.com/npiimoveis,2025-05-30
https://www.npiconsultoria.com.br/imovel-2070/facebook.com/npiimoveis,2025-05-30
https://www.npiconsultoria.com.br/imovel-4749/facebook.com/npiimoveis,2025-05-30
https://www.npiconsultoria.com.br/imovel-667/facebook.com/npiimoveis,2025-05-30
https://www.npiconsultoria.com.br/imovel-201/facebook.com/npiimoveis,2025-05-30
https://www.npiconsultoria.com.br/imovel-1420/facebook.com/npiimoveis,2025-05-30
https://www.npiconsultoria.com.br/imovel-201/instagram.com/npi_imoveis,2025-05-30
https://www.npiconsultoria.com.br/imovel-5301/facebook.com/npiimoveis,2025-05-30
https://www.npiconsultoria.com.br/imovel-914/instagram.com/npi_imoveis,2025-05-30
https://www.npiconsultoria.com.br/imovel-105635/facebook.com/npiimoveis,2025-05-29
https://www.npiconsultoria.com.br/imovel-107195/instagram.com/npi_imoveis,2025-05-29
https://www.npiconsultoria.com.br/imovel-2070/instagram.com/npi_imoveis,2025-05-29
https://www.npiconsultoria.com.br/imovel-107110/instagram.com/npi_imoveis,2025-05-29
https://www.npiconsultoria.com.br/imovel-107195/facebook.com/npiimoveis,2025-05-29
https://www.npiconsultoria.com.br/imovel-106834/facebook.com/npiimoveis,2025-05-29
https://www.npiconsultoria.com.br/imovel-106756/facebook.com/npiimoveis,2025-05-29
https://www.npiconsultoria.com.br/imovel-9479/facebook.com/npiimoveis,2025-05-29
https://www.npiconsultoria.com.br/imovel-106834/instagram.com/npi_imoveis,2025-05-29
https://www.npiconsultoria.com.br/imovel-107340/facebook.com/npiimoveis,2025-05-29
https://www.npiconsultoria.com.br/imovel-107096/facebook.com/npiimoveis,2025-05-29
https://www.npiconsultoria.com.br/imovel-025/facebook.com/npiimoveis,2025-05-29
https://www.npiconsultoria.com.br/imovel-9479/instagram.com/npi_imoveis,2025-05-29
https://www.npiconsultoria.com.br/imovel-1354/instagram.com/npi_imoveis,2025-05-29
https://www.npiconsultoria.com.br/imovel-1354/facebook.com/npiimoveis,2025-05-29
https://www.npiconsultoria.com.br/imovel-107475/instagram.com/npi_imoveis,2025-05-29
https://www.npiconsultoria.com.br/imovel-291/facebook.com/npiimoveis,2025-05-29
https://www.npiconsultoria.com.br/imovel-077/instagram.com/npi_imoveis,2025-05-29
https://www.npiconsultoria.com.br/imovel-107369/instagram.com/npi_imoveis,2025-05-29
https://www.npiconsultoria.com.br/imovel-106757/instagram.com/npi_imoveis,2025-05-29
https://www.npiconsultoria.com.br/imovel-9031/instagram.com/npi_imoveis,2025-05-29
https://www.npiconsultoria.com.br/imovel-106489/facebook.com/npiimoveis,2025-05-29
https://www.npiconsultoria.com.br/imovel-107146/instagram.com/npi_imoveis,2025-05-29
"https://www.npiconsultoria.com.br/busca/Itaim-Bibi?finalidade&tipo%5B%5D=Apartamento&bairro%5B%5D=Itaim 
Bibi&emp_cod_end",2025-05-29
https://www.npiconsultoria.com.br/imovel-107082/instagram.com/npi_imoveis,2025-05-28
https://www.npiconsultoria.com.br/imovel-925/instagram.com/npi_imoveis,2025-05-28
https://www.npiconsultoria.com.br/imovel-106531/facebook.com/npiimoveis,2025-05-28
https://www.npiconsultoria.com.br/imovel-291/instagram.com/npi_imoveis,2025-05-28
"https://www.npiconsultoria.com.br/busca/venda/apartamento/sp/sao-paulo/zona-sul/jardim-guedala?bairro%5B0%5D=Jardim 
Guedala&cidade=Sao Paulo&finalidade=Venda&tipo%5B0%5D=Apartamento",2025-05-28
https://www.npiconsultoria.com.br/imovel-106843/instagram.com/npi_imoveis,2025-05-28