URL,Último rastreamento
https://www.npiconsultoria.com.br/imovel-106960/hay-itaim-bibi/,2025-09-06
https://www.npiconsultoria.com.br/imovel-978102/well-brooklin,2025-09-06
https://www.npiconsultoria.com.br/imovel/978102/well-brooklin,2025-09-06
https://www.npiconsultoria.com.br/imovel/1327/vitrine-offices,2025-09-06
https://www.npiconsultoria.com.br/imovel-107032,2025-09-06
https://www.npiconsultoria.com.br/imovel-107032/,2025-09-06
https://www.npiconsultoria.com.br/imovel/105616/onze-vila-clementino,2025-09-06
https://www.npiconsultoria.com.br/imovel-10117/praca-lindenberg-itaim,2025-09-06
https://www.npiconsultoria.com.br/imovel-106017/haddock-885/,2025-09-06
https://www.npiconsultoria.com.br/imovel-4368/norma/,2025-09-06
https://www.npiconsultoria.com.br/imovel-063/du-champ-campo-belo/,2025-09-06
https://www.npiconsultoria.com.br/imovel/106156/continental-square-faria-lima,2025-09-06
https://www.npiconsultoria.com.br/imovel-105417/apartamento-2-quartos-pinheiros-sao-paulo,2025-09-06
https://www.npiconsultoria.com.br/imovel-1842/vila-olimpia-corporate-plaza/,2025-09-06
https://www.npiconsultoria.com.br/imovel-106337/clarice-itaim-bibi,2025-09-06
https://www.npiconsultoria.com.br/imovel-10075/rsvp-santo-amaro,2025-09-06
https://www.npiconsultoria.com.br/imovel-106510/condominio-piccola-paraty-rj,2025-09-06
https://www.npiconsultoria.com.br/imovel-4234/edificio-berrini-park,2025-09-06
https://www.npiconsultoria.com.br/imovel-4234/edificio-berrini-park/,2025-09-06
https://www.npiconsultoria.com.br/imovel-106740/condominio-king-james-jardim-paulista/,2025-09-06
https://www.npiconsultoria.com.br/imovel-1971/privilege-vila-monumento-145-m²-1-30700000,2025-09-06
https://www.npiconsultoria.com.br/imovel-1245/internacional-trade-center-business/,2025-09-06
https://www.npiconsultoria.com.br/imovel-106413/condominio-edificio-portinari/,2025-09-06
https://www.npiconsultoria.com.br/imovel/106675/gran-parc-vila-nova-inhambu-66,2025-09-06
https://www.npiconsultoria.com.br/imovel-076/reserva-campo-belo-pacos-do-sol,2025-09-06
https://www.npiconsultoria.com.br/imovel/755499/condominio-innovare,2025-09-06
https://www.npiconsultoria.com.br/imovel/4604/condominio-biografia-vila-mariana,2025-09-06
https://www.npiconsultoria.com.br/imovel-1514/lune-saude/,2025-09-06
https://www.npiconsultoria.com.br/imovel-105885/condominio-cube-campo-belo/,2025-09-06
https://www.npiconsultoria.com.br/imovel/107135/condominio-loft-pinheiros,2025-09-06
https://www.npiconsultoria.com.br/imovel/817558/condominio-residencial-flor-da-serra,2025-09-06
https://www.npiconsultoria.com.br/imovel-4879/edificio-araguari-561/,2025-09-06
https://www.npiconsultoria.com.br/imovel-106739/condominio-barao-do-tiete-jardim-paulista,2025-09-06
https://www.npiconsultoria.com.br/imovel-1294/casa-das-caldeiras-residencial-perdizes,2025-09-06
https://www.npiconsultoria.com.br/imovel-106029/vila-nova-luxury-home-design-cobertura/,2025-09-06
https://www.npiconsultoria.com.br/imovel-107024,2025-09-06
https://www.npiconsultoria.com.br/imovel-529/pleno-santa-cruz/,2025-09-06
https://www.npiconsultoria.com.br/imovel-106396/calcenter-ii/,2025-09-06
https://www.npiconsultoria.com.br/imovel-105876/organy-essencial-vila-clementino/,2025-09-06
https://www.npiconsultoria.com.br/imovel/105876/organy-essencial-vila-clementino,2025-09-06
https://www.npiconsultoria.com.br/imovel-106647/alameda-joaquim-eugenio-de-lima-1631/,2025-09-06
https://www.npiconsultoria.com.br/imovel-108307/wide-garden/,2025-09-06
https://www.npiconsultoria.com.br/imovel-805233/condominio-residencial-montalcino-valinhos,2025-09-06
https://www.npiconsultoria.com.br/imovel/106033/maden-vila-madalena,2025-09-06
https://www.npiconsultoria.com.br/imovel-106967/edificio-barao-de-itamaraty-jardim-america/,2025-09-06
https://www.npiconsultoria.com.br/imovel-10079/,2025-09-06
https://www.npiconsultoria.com.br/imovel-9344,2025-09-06
https://www.npiconsultoria.com.br/imovel-9344/,2025-09-06
https://www.npiconsultoria.com.br/imovel/223236/condominio-residencial-montalcino,2025-09-06
https://www.npiconsultoria.com.br/imovel-1959/the-parker-aclimacao/,2025-09-06
https://www.npiconsultoria.com.br/imovel/106807/apartamento-joao-moura,2025-09-06
https://www.npiconsultoria.com.br/imovel/107473/residencial-villa-monte-verde,2025-09-06
https://www.npiconsultoria.com.br/imovel-1730,2025-09-06
https://www.npiconsultoria.com.br/imovel-4348/cyrela-2014-the-year-edition/,2025-09-06
https://www.npiconsultoria.com.br/imovel/672/condominio-varanda-pompeia,2025-09-06
https://www.npiconsultoria.com.br/imovel/133692/condominio-green-valey,2025-09-06
https://www.npiconsultoria.com.br/imovel/392969/condominio-mont-alcino-valinhos,2025-09-06
https://www.npiconsultoria.com.br/imovel-105906/nato-itaim/,2025-09-06
https://www.npiconsultoria.com.br/imovel/107188/casa-jardim-sao-caetano,2025-09-06
https://www.npiconsultoria.com.br/imovel/108039/condominio-ventura-enseada-guaruja,2025-09-06
https://www.npiconsultoria.com.br/imovel/568/edificio-the-nine-office-sala-comercial-venda,2025-09-06
https://www.npiconsultoria.com.br/imovel/108078/living-grand-wish-campinas,2025-09-06
https://www.npiconsultoria.com.br/imovel/107134/casa-alto-de-pinheiros-4-dorms-venda,2025-09-06
https://www.npiconsultoria.com.br/imovel/781/edificio-moema-300,2025-09-06
https://www.npiconsultoria.com.br/imovel/107739/floradas-da-serra,2025-09-06
https://www.npiconsultoria.com.br/imovel-4906,2025-09-06
https://www.npiconsultoria.com.br/imovel-4906/,2025-09-06
https://www.npiconsultoria.com.br/imovel/1726/gran-estanconfor-veranda-berrini,2025-09-06
https://www.npiconsultoria.com.br/imovel/4551/sp-sumare-perdizes,2025-09-06
https://www.npiconsultoria.com.br/imovel/107584/casa-alpha-1,2025-09-06
https://www.npiconsultoria.com.br/imovel-788909/condominio-residencial-montalcino-valinhos,2025-09-06
https://www.npiconsultoria.com.br/imovel/788909/condominio-residencial-montalcino-valinhos,2025-09-06
https://www.npiconsultoria.com.br/imovel-853533/condominio-residencial-montalcino-valinhos,2025-09-06
https://www.npiconsultoria.com.br/imovel/853533/condominio-residencial-montalcino-valinhos,2025-09-06
https://www.npiconsultoria.com.br/imovel/106107/saffire-ibirapuera-by-elie-saab-maison,2025-09-06
https://www.npiconsultoria.com.br/imovel/106965/condominio-edificio-fellini,2025-09-05
https://www.npiconsultoria.com.br/imovel-106966,2025-09-05
https://www.npiconsultoria.com.br/imovel/108084/fazenda-da-boa-vista,2025-09-05
https://www.npiconsultoria.com.br/imovel-495614/condominio-residencial-montalcino-valinhos,2025-09-05
https://www.npiconsultoria.com.br/imovel/495614/condominio-residencial-montalcino-valinhos,2025-09-05
https://www.npiconsultoria.com.br/imovel/222129/condominio-residencial-jade,2025-09-05
https://www.npiconsultoria.com.br/imovel-787978/condominio-jade,2025-09-05
https://www.npiconsultoria.com.br/imovel/787978/condominio-jade,2025-09-05
https://www.npiconsultoria.com.br/imovel-1917/modular-da-vinci-moema,2025-09-05
https://www.npiconsultoria.com.br/imovel-1917/modular-da-vinci-moema/,2025-09-05
https://www.npiconsultoria.com.br/imovel-106147,2025-09-05
https://www.npiconsultoria.com.br/imovel-1949/praca-pompeia-cobertura,2025-09-05
https://www.npiconsultoria.com.br/imovel-1949/praca-pompeia-cobertura/,2025-09-05
https://www.npiconsultoria.com.br/imovel/4140/home-like-pinheiros,2025-09-05
https://www.npiconsultoria.com.br/imovel-107460,2025-09-05
https://www.npiconsultoria.com.br/imovel-4499/ed-concorde-vila-olimpia-aluguel/,2025-09-05
https://www.npiconsultoria.com.br/imovel-105897,2025-09-05
https://www.npiconsultoria.com.br/imovel/5102/rua-girassol-1340,2025-09-05
https://www.npiconsultoria.com.br/imovel-10068,2025-09-05
https://www.npiconsultoria.com.br/imovel-10068/,2025-09-05
https://www.npiconsultoria.com.br/imovel/529170/condominio-duo-alto-de-pinheiros,2025-09-05
https://www.npiconsultoria.com.br/imovel/4995/vista-clementino,2025-09-05
https://www.npiconsultoria.com.br/imovel/872445/av-portugal-1278,2025-09-05
https://www.npiconsultoria.com.br/imovel-025/rua-viradouro-120-itaim-bibi/,2025-09-05
https://www.npiconsultoria.com.br/residencial-platinum,2025-09-05
https://www.npiconsultoria.com.br/imovel/5076/heritage-cyrela,2025-09-05
https://www.npiconsultoria.com.br/imovel/021/helbor-la-reserve-brooklin,2025-09-05
https://www.npiconsultoria.com.br/imovel/1730/cobertura-reserva-jardim-sul,2025-09-05
https://www.npiconsultoria.com.br/imovel-10135/harmonia-da-vila,2025-09-05
https://www.npiconsultoria.com.br/imovel/107617/residencial-altos-da-serra-iv,2025-09-05
https://www.npiconsultoria.com.br/imovel/107483/daslu-residences-sao-paulo,2025-09-05
https://www.npiconsultoria.com.br/imovel-9401/maison-helena-jardim-paulista/,2025-09-05
https://www.npiconsultoria.com.br/imovel-573/edificio-cenu-torre-norte,2025-09-05
https://www.npiconsultoria.com.br/imovel-573/edificio-cenu-torre-norte/,2025-09-05
https://www.npiconsultoria.com.br/imovel-1520,2025-09-05
https://www.npiconsultoria.com.br/imovel-599,2025-09-05
https://www.npiconsultoria.com.br/imovel-599/,2025-09-05
https://www.npiconsultoria.com.br/imovel/1204/estilo-jardins,2025-09-05
https://www.npiconsultoria.com.br/imovel-107683/condominio-passeio-de-itanhatim/,2025-09-05
https://www.npiconsultoria.com.br/imovel/107005/filadelfo-vila-nova-conceicao-garden,2025-09-05
https://www.npiconsultoria.com.br/imovel-172/visconde-de-porto-seguro-itaim/,2025-09-05
https://www.npiconsultoria.com.br/imovel-106865/apartamento-platinum-morumbi,2025-09-05
https://www.npiconsultoria.com.br/imovel-4778/grand-panamby-itajara-12/,2025-09-05
https://www.npiconsultoria.com.br/imovel/1468/edificio-offices-nacoes-unidas,2025-09-05
https://www.npiconsultoria.com.br/imovel-107699,2025-09-05
https://www.npiconsultoria.com.br/imovel-107699/,2025-09-05
https://www.npiconsultoria.com.br/imovel/106023/pallas-athenas-cobertura-em-moema,2025-09-05
https://www.npiconsultoria.com.br/imovel-105767,2025-09-05
https://www.npiconsultoria.com.br/imovel-105767/,2025-09-05
https://www.npiconsultoria.com.br/imovel/105873/edificio-morumbi-office-tower,2025-09-05
https://www.npiconsultoria.com.br/imovel-053/vide,2025-09-05
https://www.npiconsultoria.com.br/imovel/813/scene-vila-romana,2025-09-05
https://www.npiconsultoria.com.br/imovel/645/quality-house-lapa,2025-09-05
https://www.npiconsultoria.com.br/imovel-106993/condominio-le-palais,2025-09-05
https://www.npiconsultoria.com.br/imovel-031/edificio-superia-moema/,2025-09-05
https://www.npiconsultoria.com.br/imovel/444/vicino-vila-mariana,2025-09-05
https://www.npiconsultoria.com.br/imovel-106423/life-in-2-itaim,2025-09-05
https://www.npiconsultoria.com.br/imovel/4762/voir-ibirapuera,2025-09-05
https://www.npiconsultoria.com.br/imovel-106494/edificio-jafet-220-m/,2025-09-05
https://www.npiconsultoria.com.br/imovel-106617/edificio-palermo-marsala-cobertura-vila-mariana/,2025-09-05
https://www.npiconsultoria.com.br/imovel/106573/condominio-edificio-palazzo-reale,2025-09-05
https://www.npiconsultoria.com.br/imovel-106118/condominio-mustique-brooklin-aluguel/,2025-09-05
https://www.npiconsultoria.com.br/imovel-108167,2025-09-05
https://www.npiconsultoria.com.br/imovel-108167/,2025-09-05
https://www.npiconsultoria.com.br/imovel-040/uniqueness,2025-09-05
https://www.npiconsultoria.com.br/imovel/800/edificio-olimpia-park,2025-09-05
https://www.npiconsultoria.com.br/imovel/4634/estilo-jardins-cobertura,2025-09-05
https://www.npiconsultoria.com.br/imovel-107832/edificio-caroline-vila-nova-conceicao/,2025-09-05
https://www.npiconsultoria.com.br/imovel/1263/tempo-bello-campo-belo,2025-09-05
https://www.npiconsultoria.com.br/imovel-107789,2025-09-05
https://www.npiconsultoria.com.br/imovel/107789/condominio-royal-place,2025-09-05
https://www.npiconsultoria.com.br/imovel-5284/vn-on-imares-club-moema-imares-318,2025-09-05
https://www.npiconsultoria.com.br/imovel-5284/vn-on-imares-club-moema-imares-318/,2025-09-05
https://www.npiconsultoria.com.br/imovel/9635/gabell-jardins,2025-09-05
https://www.npiconsultoria.com.br/imovel-9062/ad-d-desire-jardim-paulista,2025-09-05
https://www.npiconsultoria.com.br/imovel/108076/rua-izolino-clemente-duarte-650,2025-09-05
https://www.npiconsultoria.com.br/imovel/1201/maxim-paraiso,2025-09-05
https://www.npiconsultoria.com.br/imovel-4906/girassol-52-cobertura/,2025-09-05
https://www.npiconsultoria.com.br/imovel/107998/rua-santa-justina-239,2025-09-05
https://www.npiconsultoria.com.br/imovel/106121/mona-the-grand-lodge-reserva-moema,2025-09-05
https://www.npiconsultoria.com.br/imovel-106359,2025-09-05
https://www.npiconsultoria.com.br/imovel-106359/,2025-09-05
https://www.npiconsultoria.com.br/imovel-10018/z-ibirapuera/,2025-09-05
https://www.npiconsultoria.com.br/imovel-1883/cosmopolitan-high-garden/,2025-09-05
https://www.npiconsultoria.com.br/imovel-106337/pedroso-alvarenga-345/,2025-09-05
https://www.npiconsultoria.com.br/imovel-107501,2025-09-05
https://www.npiconsultoria.com.br/imovel-107501/,2025-09-05
https://www.npiconsultoria.com.br/imovel-3014,2025-09-05
https://www.npiconsultoria.com.br/imovel-5373,2025-09-05
https://www.npiconsultoria.com.br/imovel-5373/,2025-09-05
https://www.npiconsultoria.com.br/imovel-5373/eco-336-offices-pinheiros-aluguel/,2025-09-05
https://www.npiconsultoria.com.br/imovel-5322/vn-loefgreen-loefgreen-1411,2025-09-05
https://www.npiconsultoria.com.br/imovel-5322/vn-loefgreen-loefgreen-1411/,2025-09-05
https://www.npiconsultoria.com.br/imovel-5322/vn-loefgreen-loefgren-1411,2025-09-05
https://www.npiconsultoria.com.br/imovel/107158/condominio-upper-east-perdizes,2025-09-05
https://www.npiconsultoria.com.br/imovel-8315/diogo-home-boutique/,2025-09-05
https://www.npiconsultoria.com.br/imovel-106133/momento-vila-ipojuca,2025-09-05
https://www.npiconsultoria.com.br/imovel-106649/cobertura-florida-penthouses,2025-09-05
https://www.npiconsultoria.com.br/imovel-106649/rua-florida-1901,2025-09-05
https://www.npiconsultoria.com.br/imovel-106784,2025-09-05
https://www.npiconsultoria.com.br/imovel-106784/,2025-09-05
https://www.npiconsultoria.com.br/imovel/1952/villa-gallici-itaim,2025-09-05
https://www.npiconsultoria.com.br/imovel-106940,2025-09-05
https://www.npiconsultoria.com.br/imovel-106940/,2025-09-05
https://www.npiconsultoria.com.br/imovel-106940/edificio-cacapava-jardim-paulista/,2025-09-05
https://www.npiconsultoria.com.br/imovel/105829/edificio-river-one-corporate,2025-09-05
https://www.npiconsultoria.com.br/imovel-106477/benedito-lapin-81/,2025-09-05
https://www.npiconsultoria.com.br/imovel-107672,2025-09-05
https://www.npiconsultoria.com.br/imovel-107672/,2025-09-05
https://www.npiconsultoria.com.br/imovel-828/essencialy-vila-mariana/,2025-09-05
https://www.npiconsultoria.com.br/imovel/106331/rua-pedroso-alvarenga-401,2025-09-05
https://www.npiconsultoria.com.br/imovel-582,2025-09-05
https://www.npiconsultoria.com.br/imovel-1971,2025-09-05
https://www.npiconsultoria.com.br/imovel-1971/,2025-09-05
https://www.npiconsultoria.com.br/imovel-107210/condominio-barcelona-jardim-america,2025-09-05
https://www.npiconsultoria.com.br/imovel-107210/condominio-barcelona-jardim-america/,2025-09-05
https://www.npiconsultoria.com.br/imovel-106718/edificio-retrato-pinheiros-cobertura/,2025-09-05
https://www.npiconsultoria.com.br/imovel/107470/edificio-lalique-moema,2025-09-05
https://www.npiconsultoria.com.br/imovel/105724/san-paolo-alto-de-pinheiros,2025-09-05
https://www.npiconsultoria.com.br/imovel/106062/condominio-mustique,2025-09-05
https://www.npiconsultoria.com.br/imovel-9606/autoria-vila-madalena/,2025-09-05
https://www.npiconsultoria.com.br/imovel-107121,2025-09-05
https://www.npiconsultoria.com.br/imovel-107121/,2025-09-05
https://www.npiconsultoria.com.br/imovel-107121/mirant-vila-madalena/,2025-09-05
https://www.npiconsultoria.com.br/imovel-106926,2025-09-05
https://www.npiconsultoria.com.br/imovel-106926/,2025-09-05
https://www.npiconsultoria.com.br/imovel-107825/rua-urimonduba-130/,2025-09-05
https://www.npiconsultoria.com.br/imovel-073/personale-campo-belo,2025-09-05
https://www.npiconsultoria.com.br/imovel-073/personale-campo-belo/,2025-09-05
https://www.npiconsultoria.com.br/imovel/415/edificio-riverside-aluguel-rua-hungria,2025-09-05
https://www.npiconsultoria.com.br/imovel/106969/condominio-edificio-fontana-di-trevi,2025-09-05
https://www.npiconsultoria.com.br/imovel/106254/altana-klabin,2025-09-05
https://www.npiconsultoria.com.br/imovel-106569/one-sixty-cyrela-by-yoo-vila-olimpia,2025-09-05
https://www.npiconsultoria.com.br/imovel/5042/presence-saude,2025-09-05
https://www.npiconsultoria.com.br/imovel/10106/haus-mitre-ibirapuera,2025-09-05
https://www.npiconsultoria.com.br/imovel-2043/vila-olimpia-prime-offices-aluguel,2025-09-05
https://www.npiconsultoria.com.br/imovel-1704/maxhaus-itaim/,2025-09-05
https://www.npiconsultoria.com.br/imovel-10102/park-avenue-ibirapuera-eztec/,2025-09-05
https://www.npiconsultoria.com.br/imovel/107159/edificio-funchal,2025-09-05
https://www.npiconsultoria.com.br/imovel/106574/on-vila-madalena,2025-09-05
https://www.npiconsultoria.com.br/imovel/105425/lure-perdizes,2025-09-05
https://www.npiconsultoria.com.br/imovel/107208/rua-jesuino-arruda-479,2025-09-05
https://www.npiconsultoria.com.br/imovel-105839/infinity-coast-tower,2025-09-05
https://www.npiconsultoria.com.br/imovel-105839/infinity-coast-tower/,2025-09-05
https://www.npiconsultoria.com.br/imovel-1426/edificio-trend-paulista-offices/,2025-09-05
https://www.npiconsultoria.com.br/imovel/577290/gran-ville-san-venancio,2025-09-05
https://www.npiconsultoria.com.br/imovel/269105/residencial-rio-mar,2025-09-05
https://www.npiconsultoria.com.br/imovel/107677/residencial-mont-blanc-sjc,2025-09-05
https://www.npiconsultoria.com.br/imovel-821/in-berrini-brooklin/,2025-09-05
https://www.npiconsultoria.com.br/imovel-107220/casa-em-santo-andre-5-dormitorios,2025-09-05
https://www.npiconsultoria.com.br/imovel/1143/enoteca-malbec-morumbi,2025-09-05
https://www.npiconsultoria.com.br/imovel-107223,2025-09-05
https://www.npiconsultoria.com.br/imovel/10091/all-campo-belo,2025-09-05
https://www.npiconsultoria.com.br/imovel/4508/le-ritz-vila-mariana,2025-09-05
https://www.npiconsultoria.com.br/imovel/4029/edificio-art-work-vila-mariana,2025-09-05
https://www.npiconsultoria.com.br/imovel/292217/condominio-villaggio-felicita,2025-09-05
https://www.npiconsultoria.com.br/imovel/106459/casa-vila-nova-by-helbor,2025-09-05
https://www.npiconsultoria.com.br/imovel/106514/condominio-edificio-roberto-capellano,2025-09-05
https://www.npiconsultoria.com.br/imovel/106423/r-dr-renato-paes-de-barros-901,2025-09-05
https://www.npiconsultoria.com.br/imovel/1195/vampre-exclusive-vila-mariana,2025-09-05
https://www.npiconsultoria.com.br/imovel/9102/jazz-perdizes,2025-09-05
https://www.npiconsultoria.com.br/imovel/107925/av-alm-tamandare-60,2025-09-05
https://www.npiconsultoria.com.br/imovel/2045/condominio-patio-figueira,2025-09-05
https://www.npiconsultoria.com.br/imovel/4044/soul-mada-vila-madalena-cobertura,2025-09-05
https://www.npiconsultoria.com.br/imovel/932213/edificio-acervo-pinheiros,2025-09-05
https://www.npiconsultoria.com.br/imovel/326779/edificio-wish-moema,2025-09-05
https://www.npiconsultoria.com.br/imovel/106000/casa-condominio-chacara-flora-itapema,2025-09-05
https://www.npiconsultoria.com.br/imovel/9219/altto-vila-madalena,2025-09-05
https://www.npiconsultoria.com.br/imovel-106927,2025-09-05
https://www.npiconsultoria.com.br/imovel-106927/,2025-09-05
https://www.npiconsultoria.com.br/imovel-106927/condominio-maria-silvia-moema,2025-09-05
https://www.npiconsultoria.com.br/imovel-106927/condominio-maria-silvia-moema/,2025-09-05
https://www.npiconsultoria.com.br/imovel/266/edificio-vertex-office-aluguel,2025-09-05
https://www.npiconsultoria.com.br/imovel/106216/essential-perdizes,2025-09-05
https://www.npiconsultoria.com.br/imovel/107087/apartamento-rsvp-chacara-santo-antonio,2025-09-05
https://www.npiconsultoria.com.br/imovel/107880/pallazzo-barberini,2025-09-05
https://www.npiconsultoria.com.br/imovel/107833/wonder-brooklin,2025-09-05
https://www.npiconsultoria.com.br/imovel-524/signature,2025-09-05
https://www.npiconsultoria.com.br/imovel-524/signature-moema,2025-09-05
https://www.npiconsultoria.com.br/imovel-524/signature/,2025-09-05
https://www.npiconsultoria.com.br/imovel-980/vogue-moema-cobertura,2025-09-05
https://www.npiconsultoria.com.br/imovel-980/vogue-moema-cobertura/,2025-09-05
https://www.npiconsultoria.com.br/imovel/105756/mainara-campo-belo,2025-09-05
https://www.npiconsultoria.com.br/imovel/106230/the-residences-ibirapuera,2025-09-05
https://www.npiconsultoria.com.br/imovel-106966/residencial-palazzo-reale/,2025-09-05
https://www.npiconsultoria.com.br/imovel-2095/tranquilita-saude-cobertura/,2025-09-05
https://www.npiconsultoria.com.br/imovel/106647/alameda-joaquim-eugenio-de-lima-1631,2025-09-05
https://www.npiconsultoria.com.br/imovel/4754/you-pateo-santa-cruz,2025-09-05
https://www.npiconsultoria.com.br/imovel/107631/edificio-splendor-blue,2025-09-05
https://www.npiconsultoria.com.br/imovel/108202/rua-agisse-287,2025-09-05
https://www.npiconsultoria.com.br/imovel-5196/art-ag-residences,2025-09-05
https://www.npiconsultoria.com.br/imovel-106755/condominio-venezia/,2025-09-05
https://www.npiconsultoria.com.br/imovel/107741/edificio-flavio-pentagna-guimaraes,2025-09-05
https://www.npiconsultoria.com.br/imovel/828/essencialy-vila-mariana,2025-09-05
https://www.npiconsultoria.com.br/imovel/108281/residencial-terra-da-mata,2025-09-05
https://www.npiconsultoria.com.br/imovel/10056/condominio-maison-giselle,2025-09-05
https://www.npiconsultoria.com.br/imovel/530447/st-moritz-swiss-park,2025-09-05
https://www.npiconsultoria.com.br/imovel/105/auri-klabin,2025-09-05
https://www.npiconsultoria.com.br/imovel/9503/cobertura-you-prime-aclimacao,2025-09-05
https://www.npiconsultoria.com.br/imovel/108036/edificio-itaparica,2025-09-05
https://www.npiconsultoria.com.br/imovel/4909/sala-comercial-vila-nova-conceicao,2025-09-05
https://www.npiconsultoria.com.br/imovel/108042/edificio-ventura-enseada-guaruja,2025-09-05
https://www.npiconsultoria.com.br/imovel-969/dominio-marajoara-jardim-marajoara,2025-09-05
https://www.npiconsultoria.com.br/imovel-106784/atmosfera-vila-mariana/,2025-09-05
https://www.npiconsultoria.com.br/imovel/9516/condominio-palmares-alameda-itu1420,2025-09-05
https://www.npiconsultoria.com.br/imovel-600/sky-house-alto-da-lapa,2025-09-05
https://www.npiconsultoria.com.br/imovel/600/sky-house-alto-da-lapa,2025-09-05
https://www.npiconsultoria.com.br/imovel/1650/greenside-brooklin,2025-09-05
https://www.npiconsultoria.com.br/imovel-1338/106-serido-jardim-europa,2025-09-05
https://www.npiconsultoria.com.br/imovel-1338/106-serido-jardim-europa/,2025-09-05
https://www.npiconsultoria.com.br/imovel/107275/rua-rafael-correa-sampaio-1066,2025-09-05
https://www.npiconsultoria.com.br/imovel/1964/maison-monet-moema,2025-09-05
https://www.npiconsultoria.com.br/imovel/107418/millennium-vitacon,2025-09-05
https://www.npiconsultoria.com.br/imovel-105699/l-espace-ajaccio-vila-olimpia,2025-09-05
https://www.npiconsultoria.com.br/imovel-107919/edificio-tiffany,2025-09-05
https://www.npiconsultoria.com.br/imovel-1510/moai-pinheiros/,2025-09-05
https://www.npiconsultoria.com.br/imovel-106315/p11-corporate-pinheiros/,2025-09-05
https://www.npiconsultoria.com.br/imovel-5225/fasano-itaim-rua-pedroso-alvarenga,2025-09-05
https://www.npiconsultoria.com.br/imovel-5225/fasano-itaim/,2025-09-05
https://www.npiconsultoria.com.br/imovel/5225/fasano-itaim,2025-09-05
https://www.npiconsultoria.com.br/imovel-106040/parque-dos-manacas,2025-09-05
https://www.npiconsultoria.com.br/imovel-106902/condominio-lindenberg-id-itaim,2025-09-05
https://www.npiconsultoria.com.br/imovel-106902/condominio-lindenberg-id-itaim/,2025-09-05
https://www.npiconsultoria.com.br/imovel/1123/play-saude,2025-09-05
https://www.npiconsultoria.com.br/imovel/10096/viva-benx-vila-olimpia,2025-09-05
https://www.npiconsultoria.com.br/imovel-107011/habitarte,2025-09-05
https://www.npiconsultoria.com.br/imovel-874/ideal-brooklin/,2025-09-05
https://www.npiconsultoria.com.br/imovel-090/helbor-acqualife-chacara-santo-antonio/,2025-09-05
https://www.npiconsultoria.com.br/imovel/108335/residencial-minerva,2025-09-05
https://www.npiconsultoria.com.br/imovel/4545/side-chacara-santo-antonio,2025-09-05
https://www.npiconsultoria.com.br/imovel-106666,2025-09-05
https://www.npiconsultoria.com.br/imovel-106666/,2025-09-05
https://www.npiconsultoria.com.br/imovel-105630/praca-lindenberg-macurape/,2025-09-05
https://www.npiconsultoria.com.br/imovel/106411/grand-loft-pedroso-alvarenga,2025-09-05
https://www.npiconsultoria.com.br/imovel-106665/piscine-station-resort-cobertura/,2025-09-05
https://www.npiconsultoria.com.br/imovel-105419/cyrela-legacy-campo-belo-imoveis-de-luxo-em-campo-belo,2025-09-05
https://www.npiconsultoria.com.br/imovel/105419/cyrela-legacy-campo-belo-imoveis-de-luxo-em-campo-belo,2025-09-05
https://www.npiconsultoria.com.br/imovel/5279/edificio-sao-paulo-head-offices-aluguel,2025-09-05
https://www.npiconsultoria.com.br/imovel-106331/rua-pedroso-alvarenga-401/,2025-09-05
https://www.npiconsultoria.com.br/imovel-10082/veritas-vila-madalena/,2025-09-05
https://www.npiconsultoria.com.br/imovel-107099/apartamento-itaim-bibi-3-quartos,2025-09-05
https://www.npiconsultoria.com.br/imovel/951279/condominio-monte-dor,2025-09-05
https://www.npiconsultoria.com.br/imovel-9453,2025-09-05
https://www.npiconsultoria.com.br/imovel-9453/,2025-09-05
https://www.npiconsultoria.com.br/imovel-106724,2025-09-05
https://www.npiconsultoria.com.br/imovel-106724/,2025-09-05
https://www.npiconsultoria.com.br/imovel-106368/casa-de-vila-2-dormitorios-itaim-bibi/,2025-09-05
https://www.npiconsultoria.com.br/imovel-9603/key-moema/,2025-09-05
https://www.npiconsultoria.com.br/imovel-4857/view-bosque-da-saude/,2025-09-05
https://www.npiconsultoria.com.br/imovel-4994/camatai-moema/,2025-09-05
https://www.npiconsultoria.com.br/imovel-1252/upper-living-vila-leopoldina/,2025-09-04
https://www.npiconsultoria.com.br/imovel-337/wide-view-panamby/,2025-09-04
https://www.npiconsultoria.com.br/imovel-107218/artur-ramos-jardim-europa/,2025-09-04
https://www.npiconsultoria.com.br/imovel-5141/iman-vila-mariana/,2025-09-04
https://www.npiconsultoria.com.br/imovel-106314/casa-eden-park-east,2025-09-04
https://www.npiconsultoria.com.br/imovel-106314/casa-eden-park-east/,2025-09-04
https://www.npiconsultoria.com.br/imovel/183271/condominio-venezia-elias-zarzur,2025-09-04
https://www.npiconsultoria.com.br/imovel/979079/residencial-villa-amalfi,2025-09-04
https://www.npiconsultoria.com.br/imovel-105675/essence-vila-mariana/,2025-09-04
https://www.npiconsultoria.com.br/imovel-106640/floresta-residencial/,2025-09-04
https://www.npiconsultoria.com.br/imovel-107435/edificio-princesa-izabel-de-orleans-braganca,2025-09-04
https://www.npiconsultoria.com.br/imovel-105850/edificio-oxford-itaim-bibi/,2025-09-04
https://www.npiconsultoria.com.br/imovel-4749/new-parker-aclimacao/,2025-09-04
https://www.npiconsultoria.com.br/imovel/323/le-premier-ibirapuera-parc,2025-09-04
https://www.npiconsultoria.com.br/imovel-107105/only-cidade-jardim-exto,2025-09-04
https://www.npiconsultoria.com.br/imovel-107313/cyrela-atmosfera-360-brooklin/,2025-09-04
https://www.npiconsultoria.com.br/imovel-106253/edificio-maria-beatriz/,2025-09-04
https://www.npiconsultoria.com.br/imovel/5097/welcome-paraiso,2025-09-04
https://www.npiconsultoria.com.br/imovel-107125/one-park-apartamento-3-suites-perdizes,2025-09-04
https://www.npiconsultoria.com.br/imovel-107125/one-park-lavvi/,2025-09-04
https://www.npiconsultoria.com.br/imovel-8086/visionaire-itaim-bibi,2025-09-04
https://www.npiconsultoria.com.br/imovel-8086/visionaire-itaim-bibi/,2025-09-04
https://www.npiconsultoria.com.br/imovel-202/anaua-panamby/,2025-09-04
https://www.npiconsultoria.com.br/imovel-8014/saphir-vila-mariana/,2025-09-04
https://www.npiconsultoria.com.br/imovel-4111,2025-09-04
https://www.npiconsultoria.com.br/imovel-4111/,2025-09-04
https://www.npiconsultoria.com.br/imovel-106990/victoria-park-vila-nova-conceicao/,2025-09-04
https://www.npiconsultoria.com.br/imovel/6007/flores-do-campo-moema,2025-09-04
https://www.npiconsultoria.com.br/imovel-107127/edificio-manhattan,2025-09-04
https://www.npiconsultoria.com.br/imovel-106003/nhambi-moema/,2025-09-04
https://www.npiconsultoria.com.br/imovel-1395/edificio-alpha-tower/,2025-09-04
https://www.npiconsultoria.com.br/imovel-5287/stella-campo-belo/,2025-09-04
https://www.npiconsultoria.com.br/imovel/106552/df345-vila-clementino-trisul,2025-09-04
https://www.npiconsultoria.com.br/imovel/425/on-panamby,2025-09-04
https://www.npiconsultoria.com.br/imovel/107108/only-cidade-jardim-preco,2025-09-04
https://www.npiconsultoria.com.br/imovel-194,2025-09-04
https://www.npiconsultoria.com.br/imovel/147172/raizes-mooca-reserve,2025-09-04
https://www.npiconsultoria.com.br/imovel/766/le-vert-jardin,2025-09-04
https://www.npiconsultoria.com.br/imovel-106577/led-corporate/,2025-09-04
https://www.npiconsultoria.com.br/imovel-1517/edificio-itaquere/,2025-09-04
https://www.npiconsultoria.com.br/imovel-1785,2025-09-04
https://www.npiconsultoria.com.br/imovel-1785/,2025-09-04
https://www.npiconsultoria.com.br/imovel-108029/agami-park-residences/,2025-09-04
https://www.npiconsultoria.com.br/imovel-2043/prime-offices-vila-olimpia/,2025-09-04
https://www.npiconsultoria.com.br/imovel-4175/edificio-jose-maria-lisboa/,2025-09-04
https://www.npiconsultoria.com.br/imovel-335/vista-golf-residence-resort,2025-09-04
https://www.npiconsultoria.com.br/imovel-335/vista-golf-residence-resort/,2025-09-04
https://www.npiconsultoria.com.br/imovel/106730/rua-jose-maria-lisboa-731,2025-09-04
https://www.npiconsultoria.com.br/imovel/446118/rua-periquito-160,2025-09-04
https://www.npiconsultoria.com.br/imovel-106265,2025-09-04
https://www.npiconsultoria.com.br/imovel-106265/,2025-09-04
https://www.npiconsultoria.com.br/imovel/5293/le-parc-itaim,2025-09-04
https://www.npiconsultoria.com.br/imovel/9273/raizes-do-parque-vila-mariana,2025-09-04
https://www.npiconsultoria.com.br/imovel-5326/praca-henrique-monteiro-pinheiros,2025-09-04
https://www.npiconsultoria.com.br/imovel-5326/praca-henrique-monteiro-pinheiros/,2025-09-04
"https://www.npiconsultoria.com.br/imovel-9292/Apartamento-3_dormitorios-Vila 
Romana-São Paulo",2025-09-04
https://www.npiconsultoria.com.br/imovel-105828/leopoldo-1142,2025-09-04
https://www.npiconsultoria.com.br/imovel-858/edificio-casa-das-caldeiras-sala-comercial/,2025-09-04
https://www.npiconsultoria.com.br/imovel/5138/etern-moema,2025-09-04
https://www.npiconsultoria.com.br/imovel-106016/319-padre-joao-manuel/,2025-09-04
https://www.npiconsultoria.com.br/imovel/067/tendence-campo-belo,2025-09-04
https://www.npiconsultoria.com.br/imovel-1597/edificio-torre-2000/,2025-09-04
https://www.npiconsultoria.com.br/imovel-1465/thera-faria-lima-pinheiros-residence/,2025-09-04
https://www.npiconsultoria.com.br/imovel-107396/edificio-maria-helena-jardim-paulista,2025-09-04
https://www.npiconsultoria.com.br/imovel-107396/edificio-maria-helena-jardim-paulista/,2025-09-04
https://www.npiconsultoria.com.br/imovel-106216/essential-perdizes/,2025-09-04
https://www.npiconsultoria.com.br/imovel/107658/floradas-do-paratehy,2025-09-04
https://www.npiconsultoria.com.br/imovel/105821/yby-ibirapuera-urban-home,2025-09-04
https://www.npiconsultoria.com.br/imovel/107995/condominio-sitio-sao-pedro,2025-09-04
https://www.npiconsultoria.com.br/imovel-106163/gio-jardins/,2025-09-04
https://www.npiconsultoria.com.br/imovel-1326/edificio-vitrine-offices/,2025-09-04
https://www.npiconsultoria.com.br/imovel-9322/seed-vila-olimpia/,2025-09-04
https://www.npiconsultoria.com.br/imovel-106932/edificio-arthur-ramos/,2025-09-04
https://www.npiconsultoria.com.br/imovel-1212/edificio-internacional-trade-center-business/,2025-09-04
https://www.npiconsultoria.com.br/imovel-1212/internacional-trade-center-business,2025-09-04
https://www.npiconsultoria.com.br/imovel-1212/internacional-trade-center-business/,2025-09-04
https://www.npiconsultoria.com.br/imovel/106309/condominio-hipica-max-garden,2025-09-04
https://www.npiconsultoria.com.br/imovel/108223/edificio-arpoador-riviera,2025-09-04
https://www.npiconsultoria.com.br/imovel-1713/helbor-lead-offices-faria-lima/,2025-09-04
https://www.npiconsultoria.com.br/imovel/295/atria-brooklin,2025-09-04
https://www.npiconsultoria.com.br/imovel/107549/rua-tabapua-266,2025-09-04
https://www.npiconsultoria.com.br/imovel/106111/hemisphere-moema,2025-09-04
https://www.npiconsultoria.com.br/imovel/105703/rua-doutor-guilherme-bannitz-55,2025-09-04
https://www.npiconsultoria.com.br/imovel/108257/residencial-jade,2025-09-04
https://www.npiconsultoria.com.br/imovel-008/horizon-alto-da-boa-vista/,2025-09-04
https://www.npiconsultoria.com.br/imovel-1116/domani-parque,2025-09-04
https://www.npiconsultoria.com.br/imovel-1116/domani-parque/,2025-09-04
https://www.npiconsultoria.com.br/imovel-1116/the-one-alto-klabin,2025-09-04
https://www.npiconsultoria.com.br/imovel-107310/mourato-111/,2025-09-04
https://www.npiconsultoria.com.br/imovel/1010/terrasse-bathe-moema,2025-09-04
https://www.npiconsultoria.com.br/imovel/106722/condominio-morada-das-torres-do-sol,2025-09-04
https://www.npiconsultoria.com.br/imovel/485656/condominio-portinho-do-massaru,2025-09-04
https://www.npiconsultoria.com.br/imovel/105619/invert-campo-belo,2025-09-04
https://www.npiconsultoria.com.br/imovel-249169/condominio-residencial-colline-di-parma-valinhos,2025-09-04
https://www.npiconsultoria.com.br/imovel/249169/condominio-residencial-colline-di-parma-valinhos,2025-09-04
https://www.npiconsultoria.com.br/imovel-1969/high-alto-da-lapa--60-m-73000000,2025-09-04
https://www.npiconsultoria.com.br/imovel/976/diseno-campo-belo,2025-09-04
https://www.npiconsultoria.com.br/imovel/107230/casa-em-condominio-lilo,2025-09-04
https://www.npiconsultoria.com.br/imovel/107211/rua-virgilio-varzea-147,2025-09-04
https://www.npiconsultoria.com.br/imovel/106325/edficio-novo-sao-paulo,2025-09-04
https://www.npiconsultoria.com.br/imovel/105730/tradition-brooklin,2025-09-04
https://www.npiconsultoria.com.br/imovel-107167,2025-09-04
https://www.npiconsultoria.com.br/imovel-107167/,2025-09-04
https://www.npiconsultoria.com.br/imovel/959234/condominio-edificio-mansao-real,2025-09-04
https://www.npiconsultoria.com.br/imovel/108298/riviera-flat-sao-lourenco,2025-09-04
https://www.npiconsultoria.com.br/imovel/9620/almeida-torres119-the-parker-aclimacao,2025-09-04
https://www.npiconsultoria.com.br/imovel/685150/residencial-santa-monica-jardins,2025-09-04
https://www.npiconsultoria.com.br/imovel/200383/portal-do-paraiso-ii,2025-09-04
https://www.npiconsultoria.com.br/imovel/547941/condominio-edificio-castel-de-verona,2025-09-04
https://www.npiconsultoria.com.br/imovel/5570/patio-das-artes-alto-da-lapa,2025-09-04
https://www.npiconsultoria.com.br/imovel/107542/alameda-calicut-72,2025-09-04
https://www.npiconsultoria.com.br/imovel/108319/edificio-saint-paul,2025-09-04
https://www.npiconsultoria.com.br/imovel/107502/setin-essencia-perdizes,2025-09-04
https://www.npiconsultoria.com.br/imovel/9349/elevo-moema,2025-09-04
https://www.npiconsultoria.com.br/imovel/106975/casa-em-condominio-terras-de-sao-jose-l-l,2025-09-04
https://www.npiconsultoria.com.br/imovel/438180/residencial-parque-cidade-jardim,2025-09-04
https://www.npiconsultoria.com.br/imovel/105755/edificio-park-royal,2025-09-04
https://www.npiconsultoria.com.br/imovel-4336,2025-09-04
https://www.npiconsultoria.com.br/imovel-4336/,2025-09-04
https://www.npiconsultoria.com.br/imovel-1622/parc-devant-perdizes/,2025-09-04
https://www.npiconsultoria.com.br/imovel/106932/edificio-arthur-ramos,2025-09-04
https://www.npiconsultoria.com.br/imovel/106784/atmosfera-vila-mariana,2025-09-04
https://www.npiconsultoria.com.br/imovel/960536/triplo-vila-olimpia,2025-09-04
https://www.npiconsultoria.com.br/imovel/278/the-colony-cidade-jardim,2025-09-04
https://www.npiconsultoria.com.br/imovel/105659/vn-cardoso-de-melo-vila-olimpia,2025-09-04
https://www.npiconsultoria.com.br/imovel-221/riverside-odebrecht/,2025-09-04
https://www.npiconsultoria.com.br/imovel-106339/upscale-vila-nova-161m2-r-6-500-000,2025-09-04
https://www.npiconsultoria.com.br/imovel-053/vide-campo-belo/,2025-09-04
https://www.npiconsultoria.com.br/imovel-105832/essential-brooklin/,2025-09-04
https://www.npiconsultoria.com.br/imovel-106255/loomi-klabin/,2025-09-04
https://www.npiconsultoria.com.br/imovel/105998/asteri-vila-nova,2025-09-04
https://www.npiconsultoria.com.br/imovel/107472/reserva-itaim-lindenberg,2025-09-04
https://www.npiconsultoria.com.br/imovel-106513/condominio-edificio-l-officina/,2025-09-04
https://www.npiconsultoria.com.br/imovel/206382/condominio-edificio-angel,2025-09-04
https://www.npiconsultoria.com.br/imovel/106546/rua-tabapua-266,2025-09-04
https://www.npiconsultoria.com.br/imovel/107336/saint-honore-brooklin-paulista,2025-09-04
https://www.npiconsultoria.com.br/imovel/9510/condominio-paco-do-trianon,2025-09-04
https://www.npiconsultoria.com.br/?ref=xranks,2025-09-04
https://www.npiconsultoria.com.br/imovel-1733/dominio-marajoara/,2025-09-04
https://www.npiconsultoria.com.br/imovel/1733/dominio-marajoara,2025-09-04
https://www.npiconsultoria.com.br/imovel-860786/condominio-residencial-colline-di-parma-valinhos,2025-09-04
https://www.npiconsultoria.com.br/imovel/860786/condominio-residencial-colline-di-parma-valinhos,2025-09-04
https://www.npiconsultoria.com.br/imovel-876456/condominio-residencial-colline-di-parma-valinhos,2025-09-04
https://www.npiconsultoria.com.br/imovel/876456/condominio-residencial-colline-di-parma-valinhos,2025-09-04
https://www.npiconsultoria.com.br/imovel-2002/vida-viva-golf-club-locacao,2025-09-04
https://www.npiconsultoria.com.br/imovel/841400/geo-berrini,2025-09-04
https://www.npiconsultoria.com.br/imovel-271253/geneve,2025-09-04
https://www.npiconsultoria.com.br/imovel/271253/geneve,2025-09-04
https://www.npiconsultoria.com.br/imovel-660682/alphaville-jundiai,2025-09-04
https://www.npiconsultoria.com.br/imovel/660682/alphaville-jundiai,2025-09-04
https://www.npiconsultoria.com.br/imovel/106189/atmos-moema,2025-09-04
https://www.npiconsultoria.com.br/imovel-675/plaza-mayor-alto-da-lapa/,2025-09-04
https://www.npiconsultoria.com.br/imovel/6070/palais-blanc-moema,2025-09-04
https://www.npiconsultoria.com.br/imovel/019/brooklin-to-live,2025-09-04
https://www.npiconsultoria.com.br/imovel/4260/gc-corporate,2025-09-04
https://www.npiconsultoria.com.br/imovel-4300/l-obelisque-apartamento-rua-curitiba,2025-09-04
https://www.npiconsultoria.com.br/imovel-9047/vn-capote-valente,2025-09-04
https://www.npiconsultoria.com.br/imovel-9047/vn-capote-valente/,2025-09-04
https://www.npiconsultoria.com.br/imovel/106820/skyline-jockey-apartamento-3-quartos,2025-09-04
https://www.npiconsultoria.com.br/imovel/107788/edificio-piazza-bella,2025-09-04
https://www.npiconsultoria.com.br/imovel-232073/condominio-residencial-colline-di-parma-valinhos,2025-09-04
https://www.npiconsultoria.com.br/imovel/232073/condominio-residencial-colline-di-parma-valinhos,2025-09-04
https://www.npiconsultoria.com.br/imovel/105620/solaz-vila-mariana,2025-09-04
https://www.npiconsultoria.com.br/imovel-281/condominio-360ordm-isay-weinfeld,2025-09-04
https://www.npiconsultoria.com.br/imovel-281/condominio-360ordm-isay-weinfeld/,2025-09-04
https://www.npiconsultoria.com.br/imovel/106233/casa-para-venda-alto-da-boa-vista,2025-09-04
https://www.npiconsultoria.com.br/imovel/688/tribeca-personal-club,2025-09-04
https://www.npiconsultoria.com.br/imovel-4105/modern-life-fagundes-filho/,2025-09-04
https://www.npiconsultoria.com.br/imovel/10038/ibira-by-you-ibirapuera,2025-09-04
https://www.npiconsultoria.com.br/imovel-106070/leopoldo-695-itaim-60m²-r-2-100-00000,2025-09-04
https://www.npiconsultoria.com.br/imovel-106070/leopoldo-695-itaim-60m²-r-2-100-00000/,2025-09-04
https://www.npiconsultoria.com.br/imovel-106092/bueno-brandao-257/,2025-09-04
https://www.npiconsultoria.com.br/imovel/105627/horiz-ibirapuera,2025-09-04
https://www.npiconsultoria.com.br/imovel-8388/edificio-florida-penthouses/,2025-09-04
https://www.npiconsultoria.com.br/imovel-107569,2025-09-04
https://www.npiconsultoria.com.br/imovel-107569/,2025-09-04
https://www.npiconsultoria.com.br/imovel-5232/the-frame-vila-nova-conceicao/,2025-09-04
https://www.npiconsultoria.com.br/imovel/106561/condominio-marques-de-rezende,2025-09-04
https://www.npiconsultoria.com.br/imovel/4100/yris-alto-da-lapa,2025-09-04
https://www.npiconsultoria.com.br/imovel/106482/living-ipiranga,2025-09-04
https://www.npiconsultoria.com.br/imovel/106544/damata-itaim-bibi,2025-09-04
https://www.npiconsultoria.com.br/imovel-107570,2025-09-04
https://www.npiconsultoria.com.br/imovel-107570/,2025-09-04
https://www.npiconsultoria.com.br/imovel/107231/rua-diogo-jacome-1000,2025-09-04
https://www.npiconsultoria.com.br/imovel/1749/cobertura-cena-golf-club-residence,2025-09-04
https://www.npiconsultoria.com.br/imovel/106608/sunset-brooklin,2025-09-04
https://www.npiconsultoria.com.br/imovel/5277/haute-ibirapuera,2025-09-04
https://www.npiconsultoria.com.br/imovel/107706/dumas-tower,2025-09-04
https://www.npiconsultoria.com.br/imovel/9246/you-now-aclimacao,2025-09-04
https://www.npiconsultoria.com.br/imovel-107244/casa-com-3-suites-em-santo-andre,2025-09-04
https://www.npiconsultoria.com.br/imovel-107244/casa-com-3-suites-em-santo-andre/,2025-09-04
https://www.npiconsultoria.com.br/imovel-106527/camapua,2025-09-04
https://www.npiconsultoria.com.br/imovel/106922/edificio-castel-gandolfo,2025-09-04
https://www.npiconsultoria.com.br/imovel/530186/condominio-rio-verde,2025-09-04
https://www.npiconsultoria.com.br/imovel/106603/viaza-400,2025-09-04
https://www.npiconsultoria.com.br/imovel/106889/177-jeronimo-apartamento-itaim-bibi,2025-09-04
https://www.npiconsultoria.com.br/imovel/8058/spotlight-campo-belo-cobertura,2025-09-04
https://www.npiconsultoria.com.br/imovel/6069/gaivota-special-life-moema,2025-09-04
https://www.npiconsultoria.com.br/imovel-105691/mont-d-or-itaim,2025-09-04
https://www.npiconsultoria.com.br/imovel-106081/eden-park-brooklin/,2025-09-04
https://www.npiconsultoria.com.br/imovel/105843/brava-home-resort-itajai-cobertura,2025-09-04
https://www.npiconsultoria.com.br/imovel-105860,2025-09-04
https://www.npiconsultoria.com.br/imovel-105860/,2025-09-04
https://www.npiconsultoria.com.br/imovel/374004/jade-brooklin-casa-em-condominio,2025-09-04
https://www.npiconsultoria.com.br/imovel/307965/edificio-portinari,2025-09-04
https://www.npiconsultoria.com.br/imovel-4065/cobertura-vetrino-brooklin/,2025-09-04
https://www.npiconsultoria.com.br/imovel-107353,2025-09-04
https://www.npiconsultoria.com.br/imovel-107353/,2025-09-04
https://www.npiconsultoria.com.br/imovel/107320/apartamento-brooklin-bricks,2025-09-04
https://www.npiconsultoria.com.br/imovel/107960/avenida-venezuela-350,2025-09-04
https://www.npiconsultoria.com.br/imovel-106219,2025-09-04
https://www.npiconsultoria.com.br/imovel-106219/,2025-09-04
https://www.npiconsultoria.com.br/imovel/153547/condominio-blue-houses-barra-da-tijuca,2025-09-04
https://www.npiconsultoria.com.br/imovel/986789/condominio-punta-ballena-praia-da-baleia,2025-09-04
https://www.npiconsultoria.com.br/imovel-106208/imovel-na-av-brasil-1353-m-e-590-m-se-area-construida,2025-09-04
https://www.npiconsultoria.com.br/imovel/108175/ecovilla-boa-vista-valinhos,2025-09-04
https://www.npiconsultoria.com.br/imovel/258/vida-viva-golf-club-locacao,2025-09-04
https://www.npiconsultoria.com.br/imovel/325159/residencial-villa-adriana,2025-09-04
https://www.npiconsultoria.com.br/imovel/108191/hd-pinheiros,2025-09-04
https://www.npiconsultoria.com.br/imovel-105665,2025-09-04
https://www.npiconsultoria.com.br/imovel-105665/,2025-09-04
https://www.npiconsultoria.com.br/imovel-106314/casa-eden-by-yoo-east,2025-09-04
https://www.npiconsultoria.com.br/imovel-2045/patio-figueira-vila-mascote,2025-09-04
https://www.npiconsultoria.com.br/imovel-2045/patio-figueira-vila-mascote/,2025-09-04
https://www.npiconsultoria.com.br/imovel/4821/atmosfera-bosque-da-saude,2025-09-04
https://www.npiconsultoria.com.br/imovel-1839/arte-arquitetura-pinheiros-cobertura/,2025-09-04
https://www.npiconsultoria.com.br/imovel/107636/in-design-ipiranga,2025-09-04
https://www.npiconsultoria.com.br/imovel-5053/erik-satie-jardim-paulista/,2025-09-04
https://www.npiconsultoria.com.br/imovel/106988/edificio-maison-ravel,2025-09-04
https://www.npiconsultoria.com.br/imovel-1767/helbor-spazio-vita-cobertura/,2025-09-04
https://www.npiconsultoria.com.br/imovel-5320/on-santo-amaro-santo-amaro-5200,2025-09-04
https://www.npiconsultoria.com.br/imovel-5320/on-santo-amaro-santo-amaro-5200/,2025-09-04
https://www.npiconsultoria.com.br/imovel/9603/key-moema,2025-09-04
https://www.npiconsultoria.com.br/imovel-004/parc-des-enfants-alto-da-boa-vista/,2025-09-04
https://www.npiconsultoria.com.br/imovel-105820/jardim-lobato/,2025-09-04
https://www.npiconsultoria.com.br/imovel-522/cobertura-pleno-santa-cruz/,2025-09-04
https://www.npiconsultoria.com.br/imovel-1073/condominio-morada-do-bosque-saude/,2025-09-04
https://www.npiconsultoria.com.br/imovel-105740/condominio-roumanos-vila-romana,2025-09-04
https://www.npiconsultoria.com.br/imovel-3039/aluguel-de-sala-no-itaim/,2025-09-04
https://www.npiconsultoria.com.br/imovel/10134/kronos-moema,2025-09-04
https://www.npiconsultoria.com.br/imovel-106816/soberano-ipiranga/,2025-09-04
https://www.npiconsultoria.com.br/imovel-9101/edificio-vera-cruz-ii/,2025-09-04
https://www.npiconsultoria.com.br/imovel/9101/edificio-vera-cruz-ii,2025-09-04
https://www.npiconsultoria.com.br/imovel-4498/condominio-duplex-life-moema,2025-09-04
https://www.npiconsultoria.com.br/imovel-4498/condominio-duplex-life-moema/,2025-09-04
https://www.npiconsultoria.com.br/imovel-105618/pascoal-vita-alto-de-pinheiros,2025-09-04
https://www.npiconsultoria.com.br/imovel-105618/pascoal-vita-alto-de-pinheiros/,2025-09-04
https://www.npiconsultoria.com.br/imovel-149/glam,2025-09-04
https://www.npiconsultoria.com.br/imovel-160/edificio-piazza-firenze,2025-09-04
https://www.npiconsultoria.com.br/imovel-160/edificio-piazza-firenze/,2025-09-04
https://www.npiconsultoria.com.br/imovel-1266/edificio-alpha-tower,2025-09-04
https://www.npiconsultoria.com.br/imovel/105813/portugal-587,2025-09-04
https://www.npiconsultoria.com.br/imovel/9022/duo-design,2025-09-04
https://www.npiconsultoria.com.br/imovel-10802/estilo-chacara-santo-antonio/,2025-09-04
https://www.npiconsultoria.com.br/imovel-1418/artisan-campo-belo/,2025-09-04
https://www.npiconsultoria.com.br/imovel-9530/golden-place-perdizes/,2025-09-04
https://www.npiconsultoria.com.br/imovel/9530/golden-place-perdizes,2025-09-04
https://www.npiconsultoria.com.br/imovel/1193/edificio-benedito-lapin,2025-09-04
https://www.npiconsultoria.com.br/imovel-274/edificio-funchal-411/,2025-09-04
https://www.npiconsultoria.com.br/imovel-3006/sala-comercial-na-faria-lima/,2025-09-04
https://www.npiconsultoria.com.br/imovel-106469/villagio-do-ipiranga/,2025-09-04
https://www.npiconsultoria.com.br/imovel-5256/k360-vila-mariana,2025-09-04
https://www.npiconsultoria.com.br/imovel-4956/praca-gaivota-moema/,2025-09-04
https://www.npiconsultoria.com.br/imovel-4043/k-by-cyrela/,2025-09-04
https://www.npiconsultoria.com.br/imovel/6084/iporanga-moema,2025-09-04
https://www.npiconsultoria.com.br/imovel-105880/edificio-top-class/,2025-09-04
https://www.npiconsultoria.com.br/imovel-10038,2025-09-04
https://www.npiconsultoria.com.br/imovel/280151/santa-monica-jardins,2025-09-04
https://www.npiconsultoria.com.br/imovel/107217/condominio-edificio-sibipiruna,2025-09-04
https://www.npiconsultoria.com.br/imovel-1651/praca-vila-nova/,2025-09-04
https://www.npiconsultoria.com.br/imovel-5262/1300-jurupis/,2025-09-04
https://www.npiconsultoria.com.br/imovel-9349/elevo-moema/,2025-09-04
https://www.npiconsultoria.com.br/imovel-4516/helbor-home-flex-itaim/,2025-09-04
https://www.npiconsultoria.com.br/imovel-1670/duo-alto-da-lapa/,2025-09-04
https://www.npiconsultoria.com.br/imovel-158/helbor-infinite/,2025-09-04
https://www.npiconsultoria.com.br/imovel-1618/edificio-roque-petroni,2025-09-04
https://www.npiconsultoria.com.br/imovel/9385/elevo-moema-offices,2025-09-04
https://www.npiconsultoria.com.br/imovel-4349/cyrela-by-pininfarina/,2025-09-04
https://www.npiconsultoria.com.br/imovel-1099/Design Campo Belo,2025-09-04
https://www.npiconsultoria.com.br/imovel-9339/palazzo-vila-mariana/,2025-09-04
https://www.npiconsultoria.com.br/imovel-5042,2025-09-04
https://www.npiconsultoria.com.br/imovel-5042/,2025-09-04
https://www.npiconsultoria.com.br/imovel-5042/presence-saude/,2025-09-04
https://www.npiconsultoria.com.br/imovel-5042/pressence-saude,2025-09-04
https://www.npiconsultoria.com.br/imovel-3043/edificio-lwm-corporate-center/,2025-09-04
https://www.npiconsultoria.com.br/imovel-107726/rua-dom-armando-lombardi-746/,2025-09-04
https://www.npiconsultoria.com.br/imovel-106878/casa-de-condominio-5-suites-jardim-europa,2025-09-04
https://www.npiconsultoria.com.br/imovel-4467/vertice-brooklin/,2025-09-04
https://www.npiconsultoria.com.br/imovel-9365/apartamento-2-dorm-you-perdizes,2025-09-04
https://www.npiconsultoria.com.br/imovel-10096/viva-benx-vila-olimpia/,2025-09-04
https://www.npiconsultoria.com.br/imovel-106085/unlimited-oscar-freire-by-you-inc/,2025-09-04
https://www.npiconsultoria.com.br/imovel-10107/hera-perdizes/,2025-09-04
https://www.npiconsultoria.com.br/imovel/10107/hera-perdizes,2025-09-04
https://www.npiconsultoria.com.br/imovel-107369/lindenberg-reserva-paraiso/,2025-09-04
https://www.npiconsultoria.com.br/imovel-105611/casa-jardim-chapel-alto-da-boa-vista/,2025-09-04
https://www.npiconsultoria.com.br/imovel/5265/klabin-paulista-studios,2025-09-04
https://www.npiconsultoria.com.br/imovel-1280,2025-09-04
https://www.npiconsultoria.com.br/imovel-1280/,2025-09-04
https://www.npiconsultoria.com.br/imovel-105894/edificio-torre-z/,2025-09-04
https://www.npiconsultoria.com.br/imovel-106016/la-citta-by-pininfarina,2025-09-04
https://www.npiconsultoria.com.br/imovel/253/edificio-e-tower,2025-09-04
https://www.npiconsultoria.com.br/imovel/106550/essencia-brasileira-by-haus-mitre,2025-09-04
https://www.npiconsultoria.com.br/imovel/4925/condominium-club-moema,2025-09-04
https://www.npiconsultoria.com.br/imovel/105775/vn-millennium-faria-lima-itaim,2025-09-04
https://www.npiconsultoria.com.br/imovel/4817/e-motion-brooklin,2025-09-04
https://www.npiconsultoria.com.br/imovel-106011/casa-ibirapuera-apartments/,2025-09-04
https://www.npiconsultoria.com.br/imovel-656/place-royale-perdizes/,2025-09-04
https://www.npiconsultoria.com.br/imovel-106339/upscale-vila-nova-134m-no-vila-nova-conceicao,2025-09-04
https://www.npiconsultoria.com.br/imovel-10112/highlights-campo-belo-nr,2025-09-04
https://www.npiconsultoria.com.br/imovel-10112/highlights-campo-belo-nr/,2025-09-04
https://www.npiconsultoria.com.br/imovel/10112/highlights-campo-belo,2025-09-04
https://www.npiconsultoria.com.br/imovel-107800/condominio-tons-do-tangara/,2025-09-04
https://www.npiconsultoria.com.br/imovel-5243/dionisio-da-costa-47,2025-09-04
https://www.npiconsultoria.com.br/imovel-5243/dionisio-da-costa-47/,2025-09-04
https://www.npiconsultoria.com.br/imovel-105746/authentique-campo-belo-192-m-3-suites,2025-09-04
https://www.npiconsultoria.com.br/imovel/9087/all-aclimacao,2025-09-04
https://www.npiconsultoria.com.br/imovel-1552/reserva-alto-da-lapa-alto-da-lapa,2025-09-04
https://www.npiconsultoria.com.br/imovel-1552/reserva-alto-da-lapa-alto-da-lapa/,2025-09-04
https://www.npiconsultoria.com.br/imovel-1552/reserva-alto-da-lapa/,2025-09-04
https://www.npiconsultoria.com.br/imovel-106443/condominio-boulevard-ile-de-la-cite,2025-09-04
https://www.npiconsultoria.com.br/imovel-107275/rua-rafael-correa-sampaio-1066/,2025-09-04
https://www.npiconsultoria.com.br/imovel-4073/geometria-itaim/,2025-09-04
https://www.npiconsultoria.com.br/imovel-9200/helbor-up-offices-berrini/,2025-09-04
https://www.npiconsultoria.com.br/imovel/9200/helbor-up-offices-berrini,2025-09-04
https://www.npiconsultoria.com.br/imovel-9248,2025-09-04
https://www.npiconsultoria.com.br/imovel-9039/you-collection-joao-moura-pinheiros,2025-09-04
https://www.npiconsultoria.com.br/imovel/1712/maxhaus-vila-leopoldina-ii,2025-09-04
https://www.npiconsultoria.com.br/imovel-10091/all-campo-belo/,2025-09-04
https://www.npiconsultoria.com.br/imovel-106178/prado-paulista/,2025-09-04
https://www.npiconsultoria.com.br/imovel-8057,2025-09-04
https://www.npiconsultoria.com.br/imovel-8057/,2025-09-04
https://www.npiconsultoria.com.br/imovel-4020/blue-note-brooklin/,2025-09-04
https://www.npiconsultoria.com.br/imovel-106380,2025-09-04
https://www.npiconsultoria.com.br/imovel-105734/petit-paris-brooklin/,2025-09-04
https://www.npiconsultoria.com.br/imovel/107520/edificio-place-des-vosges,2025-09-04
https://www.npiconsultoria.com.br/imovel-892,2025-09-04
https://www.npiconsultoria.com.br/imovel-892/,2025-09-04
https://www.npiconsultoria.com.br/imovel-3018/edificio-adolfo-lutz/,2025-09-04
https://www.npiconsultoria.com.br/imovel-8030/brooklin-xpression/,2025-09-04
https://www.npiconsultoria.com.br/imovel/293/impression-morumbi-cobertura,2025-09-04
https://www.npiconsultoria.com.br/imovel-007/edificio-ufficio-olympia/,2025-09-04
https://www.npiconsultoria.com.br/imovel-649/reserva-verde-perdizes-cobertura-de-438-m²,2025-09-04
https://www.npiconsultoria.com.br/imovel-105422/praca-perdizes/,2025-09-04
https://www.npiconsultoria.com.br/imovel/105422/praca-perdizes,2025-09-04
https://www.npiconsultoria.com.br/imovel-106289/condominio-jade/,2025-09-04
https://www.npiconsultoria.com.br/imovel-265/maison-royale-campo-belo/,2025-09-04
https://www.npiconsultoria.com.br/imovel-106153/unique-luxury-sp/,2025-09-04
https://www.npiconsultoria.com.br/imovel-107454/maison-cyrela-perdizes-residences/,2025-09-04
https://www.npiconsultoria.com.br/imovel-106656/edificio-geometria-itaim/,2025-09-04
https://www.npiconsultoria.com.br/imovel-9390/loja-elevo-moema/,2025-09-04
https://www.npiconsultoria.com.br/imovel/1986/cyrela-essenza-moema,2025-09-04
https://www.npiconsultoria.com.br/imovel-846/edificio-comercial-berrini-1511,2025-09-04
https://www.npiconsultoria.com.br/imovel/726/you-saude-estacoes,2025-09-04
https://www.npiconsultoria.com.br/imovel/108276/galeria-90-gamaro,2025-09-04
https://www.npiconsultoria.com.br/imovel-107695,2025-09-04
https://www.npiconsultoria.com.br/imovel-107695/,2025-09-04
https://www.npiconsultoria.com.br/imovel/4010/add-vila-mariana,2025-09-04
https://www.npiconsultoria.com.br/imovel-1498/quadra-real-campo-belo/,2025-09-04
https://www.npiconsultoria.com.br/imovel-106861/cobertura-parque-panamby,2025-09-04
https://www.npiconsultoria.com.br/imovel-1475/edificio-moema-work-center/,2025-09-04
https://www.npiconsultoria.com.br/imovel/1475/edificio-moema-work-center,2025-09-04
https://www.npiconsultoria.com.br/imovel-105639/blues-perdizes/,2025-09-04
https://www.npiconsultoria.com.br/imovel-482/in-citta/,2025-09-04
https://www.npiconsultoria.com.br/imovel-10106/haus-mitre-ibirapuera/,2025-09-04
https://www.npiconsultoria.com.br/imovel-105933/nex-one-faria-lima/,2025-09-04
https://www.npiconsultoria.com.br/imovel-1108/essencia,2025-09-04
https://www.npiconsultoria.com.br/imovel/105728/practical-life-brooklin,2025-09-04
https://www.npiconsultoria.com.br/imovel/940805/the-view,2025-09-04
https://www.npiconsultoria.com.br/imovel/208/chateau-de-belcastel-moema,2025-09-04
https://www.npiconsultoria.com.br/imovel/2075/villa-funchal-bay-apartments-vila-olimpia,2025-09-04
https://www.npiconsultoria.com.br/imovel/6076/the-waldorf-moema-cobertura,2025-09-04
https://www.npiconsultoria.com.br/imovel/200029/condominio-bothanica-nature,2025-09-04
https://www.npiconsultoria.com.br/imovel/107628/splendor-blue-sao-jose-dos-campos,2025-09-04
https://www.npiconsultoria.com.br/imovel-4992/edifico-millennium-vila-olimpia,2025-09-04
https://www.npiconsultoria.com.br/imovel-4992/edifico-millennium-vila-olimpia-aluguel/,2025-09-04
https://www.npiconsultoria.com.br/imovel/4953/condominio-ville-bosquee,2025-09-04
https://www.npiconsultoria.com.br/imovel-106148/casa-brasileira-itaim-bibi/,2025-09-04
https://www.npiconsultoria.com.br/imovel-613/atelier-aquarela-vila-romana/,2025-09-04
https://www.npiconsultoria.com.br/imovel/9205/z-cotovia-moema,2025-09-04
https://www.npiconsultoria.com.br/imovel-1093/edificio-neo-offices-faria-lima,2025-09-04
https://www.npiconsultoria.com.br/imovel-1093/the-blue-loft-moema/,2025-09-04
https://www.npiconsultoria.com.br/imovel-5282/praca-da-vila/,2025-09-04
https://www.npiconsultoria.com.br/imovel-107115/casa-jardim-nebraska-brooklin,2025-09-04
https://www.npiconsultoria.com.br/imovel/5288/lume-alto-da-boa-vista,2025-09-04
https://www.npiconsultoria.com.br/imovel-105866/edificio-passarelli/,2025-09-04
https://www.npiconsultoria.com.br/imovel-8072/edificio-delta-plaza/,2025-09-04
https://www.npiconsultoria.com.br/imovel-3098/edificio-aruanda/,2025-09-04
https://www.npiconsultoria.com.br/imovel/304/edificio-jose-portes-monteiro,2025-09-04
https://www.npiconsultoria.com.br/imovel/066/acquare-campo-belo,2025-09-04
https://www.npiconsultoria.com.br/imovel/107143/condominio-vista-ibirapuera-cobertura,2025-09-04
https://www.npiconsultoria.com.br/imovel-1484/ny-sp-brooklin/,2025-09-04
https://www.npiconsultoria.com.br/imovel-106910/condominio-mewe-jardins/,2025-09-04
https://www.npiconsultoria.com.br/imovel-106329/edge-itaim-109m-com-1-suite-e-2-vagas,2025-09-04
https://www.npiconsultoria.com.br/imovel-617/sonata-alto-de-pinheiros/,2025-09-04
https://www.npiconsultoria.com.br/imovel/843758/vista-parque-ibirapuera,2025-09-04
https://www.npiconsultoria.com.br/imovel-1695/lindenberg-panamby/,2025-09-04
https://www.npiconsultoria.com.br/imovel/1762/le-quartier-moema,2025-09-04
https://www.npiconsultoria.com.br/imovel-106977/maison-victoria-rua-curitiba/,2025-09-04
https://www.npiconsultoria.com.br/imovel/105641/arkadio-ez-by-ott,2025-09-04
https://www.npiconsultoria.com.br/imovel/053/vide-campo-belo,2025-09-04
https://www.npiconsultoria.com.br/imovel-105931/jk-square-residence/,2025-09-04
https://www.npiconsultoria.com.br/imovel/9552/edificio-bolsa-de-imoveis,2025-09-04
https://www.npiconsultoria.com.br/imovel/105825/valen-capote-valente,2025-09-04
https://www.npiconsultoria.com.br/imovel-108031,2025-09-04
https://www.npiconsultoria.com.br/imovel-108031/,2025-09-04
https://www.npiconsultoria.com.br/imovel-106000,2025-09-04
https://www.npiconsultoria.com.br/imovel-106000/,2025-09-04
https://www.npiconsultoria.com.br/imovel-105725/grand-vitrali-moema/,2025-09-04
https://www.npiconsultoria.com.br/imovel-105725/grand-vitralli-moema,2025-09-04
https://www.npiconsultoria.com.br/imovel-105725/grand-vitralli-moema/,2025-09-04
https://www.npiconsultoria.com.br/imovel/9247/you-prime-aclimacao,2025-09-04
https://www.npiconsultoria.com.br/imovel-106372/condominio-fazenda-boa-vista,2025-09-04
https://www.npiconsultoria.com.br/imovel-5278/artisan-moema/,2025-09-04
https://www.npiconsultoria.com.br/imovel-1205,2025-09-04
https://www.npiconsultoria.com.br/imovel-1205/,2025-09-04
https://www.npiconsultoria.com.br/imovel-106275/j329-itaim/,2025-09-04
https://www.npiconsultoria.com.br/imovel/105934/condominio-oasis-americo-scott-53,2025-09-04
https://www.npiconsultoria.com.br/imovel-3016/edificio-faria-lima-1188/,2025-09-04
https://www.npiconsultoria.com.br/imovel/390/cobertura-maison-versailles,2025-09-04
https://www.npiconsultoria.com.br/imovel/1622/parc-devant-perdizes,2025-09-04
https://www.npiconsultoria.com.br/imovel/304482/condominio-moinho-de-vento-valinhos,2025-09-04
https://www.npiconsultoria.com.br/imovel/107760/simao-717-pinheiros,2025-09-04
https://www.npiconsultoria.com.br/imovel-106827/cobertura-parque-panamby,2025-09-04
https://www.npiconsultoria.com.br/imovel-106827/cobertura-parque-panamby/,2025-09-04
https://www.npiconsultoria.com.br/imovel/106827/cobertura-a-venda-no-panamby,2025-09-04
https://www.npiconsultoria.com.br/imovel-095/edificio-paddock-ii/,2025-09-04
https://www.npiconsultoria.com.br/imovel/107329/belle-vue-vila-clementino,2025-09-04
https://www.npiconsultoria.com.br/imovel-590/cobertura-sky-house-alto-da-lapa,2025-09-03
https://www.npiconsultoria.com.br/imovel-590/cobertura-sky-house-alto-da-lapa/,2025-09-03
https://www.npiconsultoria.com.br/imovel/650355/casa-a-venda-jardim-guedala,2025-09-03
https://www.npiconsultoria.com.br/imovel-107735/edificio-piazza-duomo/,2025-09-03
https://www.npiconsultoria.com.br/imovel/107735/edificio-piazza-duomo,2025-09-03
https://www.npiconsultoria.com.br/imovel-106635,2025-09-03
https://www.npiconsultoria.com.br/imovel-106635/,2025-09-03
https://www.npiconsultoria.com.br/imovel/456993/casa-a-venda-jardim-guedala,2025-09-03
https://www.npiconsultoria.com.br/imovel/200242/tresor-residence-campinas,2025-09-03
https://www.npiconsultoria.com.br/imovel-105868/edificio-eldorado-business-tower/,2025-09-03
https://www.npiconsultoria.com.br/imovel-106577,2025-09-03
https://www.npiconsultoria.com.br/imovel-106577/,2025-09-03
https://www.npiconsultoria.com.br/imovel/643479/casa-a-venda-jardim-europa,2025-09-03
https://www.npiconsultoria.com.br/imovel/4051/condominio-home-design-pinheiros,2025-09-03
https://www.npiconsultoria.com.br/imovel/1026/green-alto-de-pinheiros,2025-09-03
https://www.npiconsultoria.com.br/imovel/107032/simmetria-benx,2025-09-03
https://www.npiconsultoria.com.br/imovel/993/l-alto-perdizes,2025-09-03
https://www.npiconsultoria.com.br/imovel/106455/tons-klabin-paes-e-gregori--npi-consultoria,2025-09-03
https://www.npiconsultoria.com.br/imovel/106679/maison-lalique-cobertura-moema,2025-09-03
https://www.npiconsultoria.com.br/imovel-1637/ares-do-parque-aclimacao/,2025-09-03
https://www.npiconsultoria.com.br/imovel/107937/jardim-pernambuco-ii,2025-09-03
https://www.npiconsultoria.com.br/imovel/108025/ventura-enseada-guaruja,2025-09-03
https://www.npiconsultoria.com.br/imovel/10105/signature-aclimacao,2025-09-03
https://www.npiconsultoria.com.br/imovel-5286/white-2880-pinheiros-reboucas-2880,2025-09-03
https://www.npiconsultoria.com.br/imovel-5286/white-2880-pinheiros-reboucas-2880/,2025-09-03
https://www.npiconsultoria.com.br/imovel/4117/edificio-lexington,2025-09-03
https://www.npiconsultoria.com.br/imovel/108123/ocean-place-guaruja,2025-09-03
https://www.npiconsultoria.com.br/imovel/8001/synthesis-pinheiros-eugenio-de-medeiros-601,2025-09-03
https://www.npiconsultoria.com.br/imovel/971256/condominio-edificio-maison-pontchartrain,2025-09-03
https://www.npiconsultoria.com.br/imovel/106257/helbor-edition-vila-madalena,2025-09-03
https://www.npiconsultoria.com.br/imovel/107427/art-stone,2025-09-03
https://www.npiconsultoria.com.br/imovel-4220/high-park-aclimacao-cobertura,2025-09-03
https://www.npiconsultoria.com.br/imovel-4220/high-park-aclimacao-cobertura/,2025-09-03
https://www.npiconsultoria.com.br/imovel/4860/ouro-branco-moema,2025-09-03
https://www.npiconsultoria.com.br/imovel-4917/maison-frontenac-moema/,2025-09-03
https://www.npiconsultoria.com.br/imovel-106096/the-crystal-house-perdizes-cobertura-aluguel/,2025-09-03
https://www.npiconsultoria.com.br/imovel-717/edificio-convention-corporate-plaza-ibirapuera/,2025-09-03
https://www.npiconsultoria.com.br/imovel/106384/lindenberg-vista-brooklin,2025-09-03
https://www.npiconsultoria.com.br/imovel/106367/lounge-161-benedito-lapin,2025-09-03
https://www.npiconsultoria.com.br/imovel-105971/led-mada,2025-09-03
https://www.npiconsultoria.com.br/imovel/106415/the-edition-by-living-vila-mariana,2025-09-03
https://www.npiconsultoria.com.br/imovel/106433/edificio-simone,2025-09-03
https://www.npiconsultoria.com.br/imovel/169/ibirapuera-park-view,2025-09-03
https://www.npiconsultoria.com.br/imovel/124295/residencial-villa-doro,2025-09-03
https://www.npiconsultoria.com.br/imovel/837/clima-mascote,2025-09-03
https://www.npiconsultoria.com.br/imovel/107946/identita-tennis--club-tatuape,2025-09-03
https://www.npiconsultoria.com.br/imovel/106374/new-life-chacara-klabin-cobertura,2025-09-03
https://www.npiconsultoria.com.br/imovel-106475/faena-sao-paulo/,2025-09-03
https://www.npiconsultoria.com.br/imovel-107612,2025-09-03
https://www.npiconsultoria.com.br/imovel-107612/,2025-09-03
https://www.npiconsultoria.com.br/imovel-4604,2025-09-03
https://www.npiconsultoria.com.br/imovel-4604/,2025-09-03
https://www.npiconsultoria.com.br/imovel/108108/teg-mansoes,2025-09-03
https://www.npiconsultoria.com.br/imovel/106244/bauhaus-pinheiros,2025-09-03
https://www.npiconsultoria.com.br/imovel/904540/coupe-tower,2025-09-03
https://www.npiconsultoria.com.br/imovel/108376/edificio-almirante,2025-09-03
https://www.npiconsultoria.com.br/imovel/106641/harmonia-1250,2025-09-03
https://www.npiconsultoria.com.br/imovel/5117/lounge-71-vila-mariana,2025-09-03
https://www.npiconsultoria.com.br/imovel-106182/marquise-vila-mariana/,2025-09-03
https://www.npiconsultoria.com.br/imovel/108159/ipanema-riviera,2025-09-03
https://www.npiconsultoria.com.br/imovel/420198/vn-capote-valente,2025-09-03
https://www.npiconsultoria.com.br/imovel/106292/calixt-pinheiros,2025-09-03
https://www.npiconsultoria.com.br/imovel/107090/tegra-gio-campo-belo,2025-09-03
https://www.npiconsultoria.com.br/imovel/106120/retrato-paulista,2025-09-03
https://www.npiconsultoria.com.br/imovel-105956/mairin-ibirapuera/,2025-09-03
https://www.npiconsultoria.com.br/imovel-105963,2025-09-03
https://www.npiconsultoria.com.br/imovel-107125/one-park-3-suites,2025-09-03
https://www.npiconsultoria.com.br/imovel/1844/edificio-tendency,2025-09-03
https://www.npiconsultoria.com.br/imovel-4861/condominio-project-home,2025-09-03
https://www.npiconsultoria.com.br/imovel-4861/condominio-project-home/,2025-09-03
https://www.npiconsultoria.com.br/imovel-105627,2025-09-03
https://www.npiconsultoria.com.br/imovel/189054/praca-villa-lobos,2025-09-03
https://www.npiconsultoria.com.br/imovel/605/doppio-alto-da-lapa,2025-09-03
https://www.npiconsultoria.com.br/imovel/108120/reserva-enseada-guaruja,2025-09-03
https://www.npiconsultoria.com.br/imovel/539228/edificio-retrato-paulista,2025-09-03
https://www.npiconsultoria.com.br/imovel/106610/habitarte-verde-brooklin,2025-09-03
https://www.npiconsultoria.com.br/imovel/105908/casa-condominio-burle-marx-alphaville,2025-09-03
https://www.npiconsultoria.com.br/imovel/107310/mourato-111,2025-09-03
https://www.npiconsultoria.com.br/imovel/106103/condominio-mustique-brooklin,2025-09-03
https://www.npiconsultoria.com.br/imovel/2038/tranquilita-saude,2025-09-03
https://www.npiconsultoria.com.br/imovel-106361/condominio-edificio-bonna-vila-mariana,2025-09-03
https://www.npiconsultoria.com.br/imovel/507574/villa-dorata-valinhos,2025-09-03
https://www.npiconsultoria.com.br/imovel/135890/condominio-residencial-reserva-das-palmeiras-valinhos,2025-09-03
https://www.npiconsultoria.com.br/imovel-426,2025-09-03
https://www.npiconsultoria.com.br/imovel-426/,2025-09-03
https://www.npiconsultoria.com.br/imovel/5278/artisan-moema,2025-09-03
https://www.npiconsultoria.com.br/imovel-4864,2025-09-03
https://www.npiconsultoria.com.br/imovel/5178/ile-eco-life-morumbi--francisco-marcondes-vieira,2025-09-03
https://www.npiconsultoria.com.br/imovel-108310/rua-bento-branco-de-andrade-filho-477/,2025-09-03
https://www.npiconsultoria.com.br/imovel-2070/edificio-riverside-aluguel-rua-hungria,2025-09-03
https://www.npiconsultoria.com.br/imovel-1421,2025-09-03
https://www.npiconsultoria.com.br/imovel/105656/lindenberg-ibirapuera-cobertura,2025-09-03
https://www.npiconsultoria.com.br/imovel/106762/villa-156-vila-mariana,2025-09-03
https://www.npiconsultoria.com.br/imovel/106553/exclusiv-vila-mariana,2025-09-03
https://www.npiconsultoria.com.br/imovel/1837/forest-hills,2025-09-03
https://www.npiconsultoria.com.br/imovel/106237/park-mariana-exclusive,2025-09-03
https://www.npiconsultoria.com.br/imovel-105857/edificio-london-trade-center/,2025-09-03
https://www.npiconsultoria.com.br/imovel/574/leticia-pinheiros,2025-09-03
https://www.npiconsultoria.com.br/imovel-074/campo-belissimo,2025-09-03
https://www.npiconsultoria.com.br/imovel-106806/condominio-vivai-moema/,2025-09-03
https://www.npiconsultoria.com.br/imovel/105892/edificio-ez-towers-torre-b,2025-09-03
https://www.npiconsultoria.com.br/imovel-106435/piscine-bras/,2025-09-03
https://www.npiconsultoria.com.br/imovel-106002/abitare-campo-belo/,2025-09-03
https://www.npiconsultoria.com.br/imovel/4788/edificio-maison-la-frontiere,2025-09-03
https://www.npiconsultoria.com.br/imovel/107725/condominio-hipica-max-garden,2025-09-03
https://www.npiconsultoria.com.br/imovel-107854/ritz-vila-nova,2025-09-03
https://www.npiconsultoria.com.br/imovel/107854/ritz-vila-nova,2025-09-03
https://www.npiconsultoria.com.br/imovel/145281/condominio-residencial-club-portinari,2025-09-03
https://www.npiconsultoria.com.br/imovel/2002/paco-ventura-campo-belo,2025-09-03
https://www.npiconsultoria.com.br/imovel/107258/maison-diogo-by-fibra,2025-09-03
https://www.npiconsultoria.com.br/imovel-1618/edificio-roque-petroni-850-locacao-e-venda,2025-09-03
https://www.npiconsultoria.com.br/imovel-105964/ibirapuera-park-houses/,2025-09-03
https://www.npiconsultoria.com.br/imovel-106423/life-in-2-itaim-bibi-apartamento,2025-09-03
https://www.npiconsultoria.com.br/imovel-106423/r-dr-renato-paes-de-barros-901/,2025-09-03
https://www.npiconsultoria.com.br/imovel-107638/edificio-sky-house-sjc/,2025-09-03
https://www.npiconsultoria.com.br/imovel/9129/beyond-jardins,2025-09-03
https://www.npiconsultoria.com.br/imovel-10104/helbor-supreme-pinheiros/,2025-09-03
https://www.npiconsultoria.com.br/imovel-4092/vn-gomes-de-carvalho-vila-olimpia/,2025-09-03
https://www.npiconsultoria.com.br/imovel-106681,2025-09-03
https://www.npiconsultoria.com.br/imovel-106681/,2025-09-03
https://www.npiconsultoria.com.br/imovel-5331/landing-campo-belo/,2025-09-03
https://www.npiconsultoria.com.br/imovel-105703/rua-doutor-guilherme-bannitz-55/,2025-09-03
https://www.npiconsultoria.com.br/imovel/106057/mont-dor-itaim-235m-r4500000,2025-09-03
https://www.npiconsultoria.com.br/imovel/107131/atria-perdizes,2025-09-03
https://www.npiconsultoria.com.br/imovel/107589/residencial-alpha-5,2025-09-03
https://www.npiconsultoria.com.br/imovel/106373/arborea-itaim-cobertura,2025-09-03
https://www.npiconsultoria.com.br/imovel/107376/verdi-spazio,2025-09-03
https://www.npiconsultoria.com.br/imovel/4254/pax-perdizes,2025-09-03
https://www.npiconsultoria.com.br/imovel/106091/joaquim-brooklin,2025-09-03
https://www.npiconsultoria.com.br/imovel-105642/hi-pinheiros/,2025-09-03
https://www.npiconsultoria.com.br/imovel-107411,2025-09-03
https://www.npiconsultoria.com.br/imovel-107411/,2025-09-03
https://www.npiconsultoria.com.br/imovel-106477,2025-09-03
https://www.npiconsultoria.com.br/imovel-106477/,2025-09-03
https://www.npiconsultoria.com.br/imovel-106477/edificio-benedito-lapin-157-m-locacao,2025-09-03
https://www.npiconsultoria.com.br/imovel-106477/edificio-benedito-lapin-157-m-locacao/,2025-09-03
https://www.npiconsultoria.com.br/imovel/106259/quartier-capote,2025-09-03
https://www.npiconsultoria.com.br/imovel/105762/maison-marie,2025-09-03
https://www.npiconsultoria.com.br/imovel-105868,2025-09-03
https://www.npiconsultoria.com.br/imovel-106926/condominio-hugo-conti-jardim-paulista/,2025-09-03
https://www.npiconsultoria.com.br/imovel/971089/edificio-you-go-vila-mariana,2025-09-03
https://www.npiconsultoria.com.br/imovel/106570/condominio-vera-itaim-bibi,2025-09-03
https://www.npiconsultoria.com.br/imovel/107660/residencial-esplanada-do-sol,2025-09-03
https://www.npiconsultoria.com.br/imovel/344/heaven-paraiso,2025-09-03
https://www.npiconsultoria.com.br/imovel/933400/condominio-bosque-do-morumbi,2025-09-03
https://www.npiconsultoria.com.br/imovel-922725/claris-casa-e-clube,2025-09-03
https://www.npiconsultoria.com.br/imovel/922725/claris-casa-e-clube,2025-09-03
https://www.npiconsultoria.com.br/imovel-5297/guimaraes-passos-ii-rua-guimaraes-passos-216,2025-09-03
https://www.npiconsultoria.com.br/imovel-105651/edge-pinheiros/,2025-09-03
https://www.npiconsultoria.com.br/imovel-107753/avenida-amarilis-50,2025-09-03
https://www.npiconsultoria.com.br/imovel/107430/jardins-de-giverny-itaim-bibi,2025-09-03
https://www.npiconsultoria.com.br/imovel-997/helbor-edition-vila-nova-conceicao/,2025-09-03
https://www.npiconsultoria.com.br/imovel/8388/edificio-florida-penthouses,2025-09-03
https://www.npiconsultoria.com.br/imovel-8315/diogo-home-boutique-vila-nova-conceicao,2025-09-03
https://www.npiconsultoria.com.br/imovel-106448/side-ipiranga/,2025-09-03
https://www.npiconsultoria.com.br/imovel-4036/quintas-da-lapa-lapa,2025-09-03
https://www.npiconsultoria.com.br/imovel-1713/edificio-helbor-lead-offices-faria-lima/,2025-09-03
https://www.npiconsultoria.com.br/imovel/107027/ezetec-parque-da-cidade,2025-09-03
https://www.npiconsultoria.com.br/imovel/130919/blue-houses-barra,2025-09-03
https://www.npiconsultoria.com.br/imovel-5208/ventura-pinheiros-maria-carolina-692,2025-09-03
https://www.npiconsultoria.com.br/imovel/086/design-cidade-jardim,2025-09-03
https://www.npiconsultoria.com.br/imovel/9495/sala-comercial-lexington-avenue-itaim-bibi,2025-09-03
https://www.npiconsultoria.com.br/imovel-106158/jatoba-green-building/,2025-09-03
https://www.npiconsultoria.com.br/imovel/105675/essence-vila-mariana,2025-09-03
https://www.npiconsultoria.com.br/imovel-206/praca-de-milao-vila-nova-conceicao/,2025-09-03
https://www.npiconsultoria.com.br/imovel-107509/rua-guimaraes-passos-650/,2025-09-03
https://www.npiconsultoria.com.br/imovel-10058/lumiere-chacara-klabin,2025-09-03
https://www.npiconsultoria.com.br/imovel-105972/edificio-plaza-iguatemi/,2025-09-03
https://www.npiconsultoria.com.br/imovel-1962/edificio-ez-mark/,2025-09-03
https://www.npiconsultoria.com.br/imovel-5302,2025-09-03
https://www.npiconsultoria.com.br/imovel-5302/,2025-09-03
https://www.npiconsultoria.com.br/imovel-107432/maison-des-arts-vila-nova/,2025-09-03
https://www.npiconsultoria.com.br/imovel-9110/platinum-jardins-jardim-paulista/,2025-09-03
https://www.npiconsultoria.com.br/imovel-5172/torre-sul-brooklin/,2025-09-03
https://www.npiconsultoria.com.br/imovel-376/via-paulista-paraiso/,2025-09-03
https://www.npiconsultoria.com.br/imovel/4999/bhd-brookfield-home-design-brooklin,2025-09-03
https://www.npiconsultoria.com.br/imovel-106150/vizcaya-itaim/,2025-09-03
https://www.npiconsultoria.com.br/imovel-106498/brera-moema/,2025-09-03
https://www.npiconsultoria.com.br/imovel-358/gran-village-club/,2025-09-03
https://www.npiconsultoria.com.br/imovel-106052/brascan-century-plaza-itaim-first-class-74m-r-1-190-000,2025-09-03
https://www.npiconsultoria.com.br/imovel-106052/brascan-century-plaza-itaim-first-class-74m-r-1-190-000/,2025-09-03
https://www.npiconsultoria.com.br/imovel/105826/high-view-alto-da-boa-vista,2025-09-03
https://www.npiconsultoria.com.br/imovel/983390/cobertura-edge-itaim,2025-09-03
https://www.npiconsultoria.com.br/imovel/9321/linked-perdizes,2025-09-03
https://www.npiconsultoria.com.br/imovel-1769/edificio-berrini-one,2025-09-03
https://www.npiconsultoria.com.br/imovel-107068/balkon-campo-belo,2025-09-03
https://www.npiconsultoria.com.br/imovel-5118/legacy-klabin/,2025-09-03
https://www.npiconsultoria.com.br/imovel/033/central-park-vila-mariana,2025-09-03
https://www.npiconsultoria.com.br/imovel-1812/veranda-loft-office-gran-estan-corporate-berrini/,2025-09-03
https://www.npiconsultoria.com.br/imovel-4419/madrigal-alto-de-pinheiros/,2025-09-03
https://www.npiconsultoria.com.br/imovel-106610/habitarte-verde-brooklin/,2025-09-03
https://www.npiconsultoria.com.br/imovel-106597,2025-09-03
https://www.npiconsultoria.com.br/imovel-106597/,2025-09-03
https://www.npiconsultoria.com.br/imovel-105610/nex-one-sena-madureira/,2025-09-03
https://www.npiconsultoria.com.br/imovel-9390/loja-em-predio-moema,2025-09-03
https://www.npiconsultoria.com.br/imovel-105719/follow-brooklin/,2025-09-03
https://www.npiconsultoria.com.br/imovel/7177/edificio-silver-tower-jardim-paulista-aluguel,2025-09-03
https://www.npiconsultoria.com.br/imovel-9596,2025-09-03
https://www.npiconsultoria.com.br/imovel/9596/atemporal-pompeia,2025-09-03
https://www.npiconsultoria.com.br/imovel-5277/haute-ibirapuera-coronel-lisboa-600,2025-09-03
https://www.npiconsultoria.com.br/imovel-107061/rua-arizona-1281/,2025-09-03
https://www.npiconsultoria.com.br/imovel/10081/duo-e-residence-saude,2025-09-03
https://www.npiconsultoria.com.br/imovel-108082/residencial-fernando-de-noronha/,2025-09-03
https://www.npiconsultoria.com.br/imovel-164/olimpic-condominium-resort-saude/,2025-09-03
https://www.npiconsultoria.com.br/imovel/164/olimpic-condominium-resort-saude,2025-09-03
https://www.npiconsultoria.com.br/imovel-4953/condominio-ville-bosquee/,2025-09-03
https://www.npiconsultoria.com.br/imovel-106062/condominio-mustique/,2025-09-03
https://www.npiconsultoria.com.br/imovel-4270/skyline-intelligent-business/,2025-09-03
https://www.npiconsultoria.com.br/imovel-4121/geo-berrini/,2025-09-03
https://www.npiconsultoria.com.br/imovel-105975,2025-09-03
https://www.npiconsultoria.com.br/imovel-105975/,2025-09-03
https://www.npiconsultoria.com.br/imovel-4137/edificio-corporate-plaza/,2025-09-03
https://www.npiconsultoria.com.br/imovel-105865/edificio-sao-luiz/,2025-09-03
https://www.npiconsultoria.com.br/imovel-105674,2025-09-03
https://www.npiconsultoria.com.br/imovel-105674/,2025-09-03
https://www.npiconsultoria.com.br/imovel-4341/edificio-mariana/,2025-09-03
https://www.npiconsultoria.com.br/imovel-4000/vn-ferreira-lobo-vila-olimpia/,2025-09-03
https://www.npiconsultoria.com.br/imovel/952/place-de-la-concorde-klabin,2025-09-03
https://www.npiconsultoria.com.br/imovel-106488/edificio-golden-garden/,2025-09-03
https://www.npiconsultoria.com.br/imovel-107081/condominio-domani-brooklin-3-suites,2025-09-03
https://www.npiconsultoria.com.br/imovel-107081/condominio-domani-brooklin-3-suites/,2025-09-03
https://www.npiconsultoria.com.br/imovel-107081/edificio-domani-brooklin/,2025-09-03
https://www.npiconsultoria.com.br/imovel-4097/edificio-win-work-chacara-santo-antonio/,2025-09-03
https://www.npiconsultoria.com.br/imovel-106968/condominio-edificio-ana-luiza/,2025-09-03
https://www.npiconsultoria.com.br/imovel-3095/edificio-juscelino-kubitschek-140/,2025-09-03
https://www.npiconsultoria.com.br/imovel-3016/high-alto-da-lapa,2025-09-03
https://www.npiconsultoria.com.br/imovel-106014/artesano-oscar-porto/,2025-09-03
https://www.npiconsultoria.com.br/imovel-3015/edificio-faria-lima-1188-pinheiros,2025-09-03
https://www.npiconsultoria.com.br/imovel-3015/edificio-faria-lima-1188/,2025-09-03
https://www.npiconsultoria.com.br/imovel-3015/the-parker-aclimacao,2025-09-03
https://www.npiconsultoria.com.br/imovel-106758/edificio-esperanca-cobertura-chacara-inglesa/,2025-09-03
https://www.npiconsultoria.com.br/imovel/4102/duo-morumbi-cobertura,2025-09-03
https://www.npiconsultoria.com.br/imovel-610/maison-montparnasse,2025-09-03
https://www.npiconsultoria.com.br/imovel-610/maison-montparnasse/,2025-09-03
https://www.npiconsultoria.com.br/imovel-106861,2025-09-03
https://www.npiconsultoria.com.br/imovel-106861/,2025-09-03
https://www.npiconsultoria.com.br/imovel-5256/k360-humberto-i,2025-09-03
https://www.npiconsultoria.com.br/imovel-5148/core-pinheiros/,2025-09-03
https://www.npiconsultoria.com.br/imovel/565/cennario-granja-julieta,2025-09-03
https://www.npiconsultoria.com.br/imovel-1335,2025-09-03
https://www.npiconsultoria.com.br/imovel-1335/,2025-09-03
https://www.npiconsultoria.com.br/imovel-108148/casa-para-venda-no-jardim-paulista/,2025-09-03
https://www.npiconsultoria.com.br/imovel-106197/haus-mitre-plato-ipiranga/,2025-09-03
https://www.npiconsultoria.com.br/imovel/106197/haus-mitre-plato-ipiranga,2025-09-03
https://www.npiconsultoria.com.br/imovel/9699/edge-itaim,2025-09-03
https://www.npiconsultoria.com.br/imovel-106000/casa-condominio-chacara-flora-itapema/,2025-09-03
https://www.npiconsultoria.com.br/imovel-1555/horizonte-jk-home-itaim/,2025-09-03
https://www.npiconsultoria.com.br/imovel/106005/atypik-brooklin,2025-09-03